,change,mutant,wild
0,unbound>unbound,TTGTATTTGAGAGAAGC,TTGTATTTCAGAGAAGC
1,unbound>unbound,CAAGCAGTTACCCAGTT,CAAGCAGTCACCCAGTT
2,unbound>unbound,CACAGGAACAGCCAGCA,CACAGGAAGAGCCAGCA
3,unbound>unbound,ATTAGGAATAGATCCAA,ATTAGGAAGAGATCCAA
4,unbound>unbound,GTGCTGGATCAGGCCAG,GTGCTGGACCAGGCCAG
5,unbound>unbound,CTCTCCCTACCCAGGGC,CTCTCCCTCCCCAGGGC
6,unbound>unbound,AGCCATCCCAAGAAAGT,AGCCATCCTAAGAAAGT
7,unbound>unbound,GGTCTAGTCTAGGATCA,GGTCTAGTGTAGGATCA
8,unbound>bound,CGGGCCGCCATCTTGCG,CGGGCCGCGATCTTGCG
9,unbound>unbound,AAGGGCATCAGTCAAAG,AAGGGCATGAGTCAAAG
10,unbound>unbound,ATGCGCACAAAGGCGAA,ATGCGCACGAAGGCGAA
11,unbound>unbound,ATTTTGCATAGTGCCTT,ATTTTGCACAGTGCCTT
12,unbound>unbound,GCTCACGATGCCGCGGA,GCTCACGACGCCGCGGA
13,unbound>unbound,TCCTAAAGATGCACGAC,TCCTAAAGCTGCACGAC
14,unbound>unbound,TCAGCAGCGGCGGCCTC,TCAGCAGCCGCGGCCTC
15,unbound>unbound,ACATTCTCAAACAAGAT,ACATTCTCGAACAAGAT
16,unbound>unbound,ACGAGCCACGATTTTAG,ACGAGCCATGATTTTAG
17,unbound>unbound,GCAGCTCACCCACCAGG,GCAGCTCATCCACCAGG
18,unbound>unbound,ACATATTATTTCTGAGG,ACATATTACTTCTGAGG
19,unbound>unbound,GATGACACTACCTTTGA,GATGACACCACCTTTGA
20,unbound>unbound,GGCAAGGCTTCCCTCTA,GGCAAGGCATCCCTCTA
21,unbound>unbound,AACAGTATTTGTGGCAG,AACAGTATCTGTGGCAG
22,unbound>unbound,CAGGTCTACGACAGGCA,CAGGTCTAAGACAGGCA
23,unbound>unbound,TGTGTGACCAAGCTCCA,TGTGTGACGAAGCTCCA
24,unbound>unbound,AGGTGTCGCATAAGGTT,AGGTGTCGGATAAGGTT
25,unbound>unbound,ACTTTCACAGAAAATTG,ACTTTCACCGAAAATTG
26,unbound>unbound,TTCTTCCTGTTCTCCTC,TTCTTCCTCTTCTCCTC
27,unbound>unbound,CCCACAGACACTTGCAC,CCCACAGAGACTTGCAC
28,unbound>unbound,TCGCAGCCAGCCCAGGG,TCGCAGCCGGCCCAGGG
29,unbound>unbound,GACATGCTTCAGCACAT,GACATGCTCCAGCACAT
30,unbound>unbound,CTCACCCAAGAAATAAT,CTCACCCAGGAAATAAT
31,unbound>unbound,AGATGAAGGATGACCTA,AGATGAAGAATGACCTA
32,unbound>unbound,ACGGGGCCGCCGAACCG,ACGGGGCCTCCGAACCG
33,unbound>unbound,TATTTTCACAATGAGAA,TATTTTCAGAATGAGAA
34,unbound>unbound,GGCGGCTTGGCGTTCTG,GGCGGCTTCGCGTTCTG
35,unbound>unbound,AACGGCTTTGCTCCCCT,AACGGCTTCGCTCCCCT
36,unbound>unbound,TCTTCTTCTAAGAAATG,TCTTCTTCCAAGAAATG
37,unbound>unbound,GCACCGGGCACCTCTCT,GCACCGGGTACCTCTCT
38,unbound>unbound,GGGAGCTCTGTTCACCT,GGGAGCTCGGTTCACCT
39,unbound>unbound,CTGCTGCGTTATCATAC,CTGCTGCGCTATCATAC
40,unbound>unbound,GAGGATAGCAGTCTTAG,GAGGATAGAAGTCTTAG
41,unbound>unbound,TTTATTTCCTCTGAGTG,TTTATTTCTTCTGAGTG
42,unbound>unbound,CCGAAGGTTTGCAACCT,CCGAAGGTCTGCAACCT
43,unbound>unbound,AGATGGGTAATACACAC,AGATGGGTGATACACAC
44,unbound>unbound,CAAAACTGTATGTTCTT,CAAAACTGGATGTTCTT
45,unbound>unbound,ATATTTGGGAGAAGGTA,ATATTTGGCAGAAGGTA
46,unbound>unbound,CTGCAGCAAATGAGCGA,CTGCAGCAGATGAGCGA
47,unbound>unbound,AGTGGGGAGAGTGGCCT,AGTGGGGACAGTGGCCT
48,unbound>unbound,TCCTTGTTTAGCAAGTA,TCCTTGTTCAGCAAGTA
49,unbound>unbound,ATGAACTCGAAGCTGGG,ATGAACTCCAAGCTGGG
50,unbound>unbound,GGACAGAGGCTAAAATC,GGACAGAGCCTAAAATC
51,unbound>unbound,ACTGGATTTCATTGATA,ACTGGATTCCATTGATA
52,unbound>unbound,AAGCAACAGTCGTGTTT,AAGCAACAATCGTGTTT
53,unbound>unbound,GAAGGAGCAAGGCTCCG,GAAGGAGCGAGGCTCCG
54,unbound>unbound,CATGACTTTGAGATCCC,CATGACTTCGAGATCCC
55,unbound>unbound,ATTTCATTAATGATGTG,ATTTCATTCATGATGTG
56,unbound>unbound,GGGATGTGTGGGCTGGA,GGGATGTGCGGGCTGGA
57,unbound>unbound,GCGGCCTTAGGGCCCAG,GCGGCCTTCGGGCCCAG
58,unbound>unbound,GCCTCAGCACGGACGGA,GCCTCAGCCCGGACGGA
59,unbound>unbound,CCCAGAGAGCCTTGTAG,CCCAGAGAACCTTGTAG
60,unbound>unbound,AAGGCTTTTTTGGGCAG,AAGGCTTTCTTGGGCAG
61,unbound>unbound,AAGGCAGGTTCTAGGTG,AAGGCAGGATCTAGGTG
62,unbound>unbound,GGCATTTGAAATGAATA,GGCATTTGGAATGAATA
63,unbound>ambiguous,AGACACTGCGCCTTTGC,AGACACTGTGCCTTTGC
64,unbound>unbound,CGTTACCTCTCTGGTCC,CGTTACCTGTCTGGTCC
65,unbound>unbound,ATGAGGACAAAGTCCAT,ATGAGGACGAAGTCCAT
66,unbound>unbound,AAATAAATAATTTTAGA,AAATAAATCATTTTAGA
67,unbound>unbound,GCCAGGAGTATCCCGCG,GCCAGGAGCATCCCGCG
68,unbound>unbound,GCGGCTCCAAGGCTGTC,GCGGCTCCGAGGCTGTC
69,unbound>unbound,TAAGAACAAGGTATCTA,TAAGAACAGGGTATCTA
70,unbound>unbound,AGAGGACCTGTAGCTGC,AGAGGACCCGTAGCTGC
71,unbound>unbound,TGCAGGCTACAGCCCCA,TGCAGGCTGCAGCCCCA
72,unbound>unbound,GTATTCGTAGCCTGGGG,GTATTCGTGGCCTGGGG
73,unbound>unbound,TGCAGCACAACCTGTAC,TGCAGCACGACCTGTAC
74,unbound>unbound,TGTTGAGGTCGCTTCCG,TGTTGAGGCCGCTTCCG
75,unbound>unbound,TCCCTGAGCGGTGCAGG,TCCCTGAGGGGTGCAGG
76,unbound>unbound,TGTCGAGGAAGGCGATG,TGTCGAGGGAGGCGATG
77,unbound>unbound,GCGGACTCGGTCCGTGG,GCGGACTCAGTCCGTGG
78,unbound>unbound,TCTTTCTTGTTGAACGT,TCTTTCTTCTTGAACGT
79,unbound>unbound,CTCCATTTCATAGGGGT,CTCCATTTGATAGGGGT
80,unbound>unbound,CTGCCCAGAGCACCTGA,CTGCCCAGTGCACCTGA
81,unbound>unbound,CTGGCCATAAGAGTGGA,CTGGCCATGAGAGTGGA
82,unbound>unbound,TTTCAATACGATGGGTA,TTTCAATAAGATGGGTA
83,unbound>unbound,AACAAGGAAAGCGGCAA,AACAAGGAGAGCGGCAA
84,unbound>unbound,ATGCTGTTCGGAACATT,ATGCTGTTGGGAACATT
85,unbound>unbound,TTATGGATAATTAAATT,TTATGGATGATTAAATT
86,unbound>unbound,GCGGTCCAACCGCGTCT,GCGGTCCAGCCGCGTCT
87,unbound>unbound,CGCTTCACTTCCGAGAC,CGCTTCACCTCCGAGAC
88,unbound>unbound,TGGAAGGTAATACTGTA,TGGAAGGTGATACTGTA
89,unbound>unbound,GCCCTGCTACGGCAGAT,GCCCTGCTGCGGCAGAT
90,unbound>unbound,ACCAGCTTGCTGAGACA,ACCAGCTTCCTGAGACA
91,unbound>unbound,GTGAATACTCAGACAGA,GTGAATACCCAGACAGA
92,unbound>unbound,GCTCGTAGTTGTATGCA,GCTCGTAGGTGTATGCA
93,unbound>unbound,TATGGCCTTGAAAACTT,TATGGCCTCGAAAACTT
94,unbound>unbound,TAGAAAATGTTCTATAT,TAGAAAATCTTCTATAT
95,unbound>ambiguous,ACTCTGCGCCCTTCAAG,ACTCTGCGACCTTCAAG
96,unbound>unbound,TTTGAGGTTACTGGCTG,TTTGAGGTGACTGGCTG
97,unbound>unbound,AGCAGCAGTAGCTGGGT,AGCAGCAGGAGCTGGGT
98,unbound>unbound,GGACCTGTGTCCAGAGA,GGACCTGTCTCCAGAGA
99,unbound>unbound,ATGAAGTCCTTTTTTCT,ATGAAGTCTTTTTTTCT
100,unbound>unbound,AAGGCCGAGATGGTGGA,AAGGCCGACATGGTGGA
101,unbound>unbound,GGTGGATCATGTACCCT,GGTGGATCGTGTACCCT
102,unbound>unbound,AAGGGGGGCTATGAGTG,AAGGGGGGGTATGAGTG
103,unbound>unbound,GGCTCCATTGAGCCCTT,GGCTCCATCGAGCCCTT
104,unbound>unbound,CATGCCTTTGAAGAGAA,CATGCCTTCGAAGAGAA
105,unbound>unbound,TTGGGGTTAATCTGGAT,TTGGGGTTCATCTGGAT
106,unbound>unbound,GTACCAGTTTTTTGATC,GTACCAGTCTTTTGATC
107,unbound>unbound,ACGCACCTGAACTTTAC,ACGCACCTCAACTTTAC
108,unbound>unbound,TCCATTGGATCAGTGTT,TCCATTGGCTCAGTGTT
109,unbound>unbound,TTATGGGGCACAGTGTG,TTATGGGGTACAGTGTG
110,unbound>unbound,CAGTTTTGCAGTCAAAA,CAGTTTTGTAGTCAAAA
111,unbound>unbound,AAAGAGTCCGAAGAAGG,AAAGAGTCTGAAGAAGG
112,bound>bound,TACGCGCTGAAGCGCCA,TACGCGCTCAAGCGCCA
113,unbound>unbound,TGTACTAACAAAAGAAA,TGTACTAATAAAAGAAA
114,unbound>unbound,AAGAAAAATGACCATTT,AAGAAAAAGGACCATTT
115,unbound>unbound,TGCTGCATGTGCTGCTG,TGCTGCATCTGCTGCTG
116,unbound>unbound,TACGATGGTGTAAGTGC,TACGATGGGGTAAGTGC
117,unbound>unbound,GTCCCACTGTAGATCCC,GTCCCACTCTAGATCCC
118,unbound>unbound,TGGTCTCACAGGTGAAA,TGGTCTCAGAGGTGAAA
119,unbound>unbound,TTAAGGTTATTCATTTC,TTAAGGTTCTTCATTTC
120,unbound>unbound,TTACAAATTAATTTATT,TTACAAATAAATTTATT
121,unbound>unbound,ACCAAGTTGTAAATCAC,ACCAAGTTCTAAATCAC
122,unbound>unbound,TCTTGGCTAAGAGGGAA,TCTTGGCTGAGAGGGAA
123,unbound>unbound,TGGATAATCAGTCGGAA,TGGATAATGAGTCGGAA
124,unbound>unbound,AGTGGAAAATGTGAATG,AGTGGAAACTGTGAATG
125,unbound>unbound,CCTCCCCGTTGCCAGGG,CCTCCCCGGTGCCAGGG
126,unbound>unbound,ACCAGCTACTGGGAGAT,ACCAGCTATTGGGAGAT
127,unbound>unbound,ATGTTCCTTTAATTCAT,ATGTTCCTCTAATTCAT
128,unbound>unbound,CAGATGGAAGGCCAGGT,CAGATGGATGGCCAGGT
129,unbound>unbound,TATTTTGTAAGATATGG,TATTTTGTGAGATATGG
130,unbound>unbound,CAGTCAGAAACCCGTGG,CAGTCAGAGACCCGTGG
131,unbound>unbound,AGCAAGAATATGTGGAT,AGCAAGAAGATGTGGAT
132,unbound>unbound,AGCCCCAGATCCCCTGG,AGCCCCAGCTCCCCTGG
133,unbound>unbound,CTTTAACAGCAATCTTA,CTTTAACATCAATCTTA
134,unbound>unbound,AGATGGCCAGCAGGCAA,AGATGGCCGGCAGGCAA
135,unbound>unbound,CTGGTTTTTCACTACTT,CTGGTTTTCCACTACTT
136,unbound>unbound,GACGCGCATGGGCATGG,GACGCGCACGGGCATGG
137,unbound>unbound,GCAGGCCCAGGGGTCCA,GCAGGCCCGGGGGTCCA
138,unbound>unbound,AAGGTGGGAGAAAGACT,AAGGTGGGTGAAAGACT
139,unbound>unbound,AAATCATGTGTTTTCAT,AAATCATGCGTTTTCAT
140,unbound>unbound,GCTGCACGAAGAGCACG,GCTGCACGGAGAGCACG
141,unbound>unbound,ACTCCTCATGCTGGCCA,ACTCCTCACGCTGGCCA
142,unbound>unbound,TTACATCCGAAACCTCA,TTACATCCCAAACCTCA
143,unbound>unbound,CGGGCTCGTTGTCGCCA,CGGGCTCGCTGTCGCCA
144,unbound>unbound,GCGGCCACATCGGTCTT,GCGGCCACGTCGGTCTT
145,unbound>unbound,AGACTCTTTATTAATGG,AGACTCTTCATTAATGG
146,unbound>unbound,CACAGCCTTGAGTCGCG,CACAGCCTCGAGTCGCG
147,unbound>unbound,AAGGGAATGTCGTCTGA,AAGGGAATCTCGTCTGA
148,unbound>unbound,AGACTTCTAAGCAAAAA,AGACTTCTCAGCAAAAA
149,unbound>unbound,CCATCATTTTAGCATTA,CCATCATTCTAGCATTA
150,unbound>unbound,GGCCCACAATGGTGTGA,GGCCCACACTGGTGTGA
151,unbound>unbound,GGACACTTAAGACCATG,GGACACTTCAGACCATG
152,unbound>unbound,CCTCGTGGCGGCCCGGG,CCTCGTGGAGGCCCGGG
153,unbound>unbound,CATAAGAGGTTCCCAGA,CATAAGAGTTTCCCAGA
154,unbound>unbound,ATCTGGAGAAAACACAG,ATCTGGAGGAAACACAG
155,unbound>unbound,GGAGGATGTGGAAATTC,GGAGGATGGGGAAATTC
156,unbound>unbound,CTCTAAACTGGCCAAAC,CTCTAAACAGGCCAAAC
157,ambiguous>unbound,AAGGACAGTGCCGCAGC,AAGGACAGCGCCGCAGC
158,unbound>unbound,ACAGAGTTTGAATAGTT,ACAGAGTTCGAATAGTT
159,unbound>unbound,AGTATTTGTTCACAGTG,AGTATTTGGTCACAGTG
160,unbound>unbound,GCTGCCAACAATATGCC,GCTGCCAAGAATATGCC
161,bound>unbound,ACGACAACACGCCGGCG,ACGACAACGCGCCGGCG
162,unbound>unbound,ACAAGATCATCTCTCTC,ACAAGATCTTCTCTCTC
163,unbound>unbound,ACGACACTGCCGTCAAC,ACGACACTCCCGTCAAC
164,unbound>unbound,GTGGCACTGACACACCT,GTGGCACTCACACACCT
165,unbound>unbound,GTCTGTGGGCATCCTGG,GTCTGTGGTCATCCTGG
166,unbound>unbound,TTTCAGGCCGAGGTGGA,TTTCAGGCAGAGGTGGA
167,unbound>unbound,CTGCCCAAGCCTCCTGG,CTGCCCAAACCTCCTGG
168,unbound>unbound,CTTTAATTTGCTATCCA,CTTTAATTCGCTATCCA
169,unbound>unbound,TAGCTGGTATGGAACTT,TAGCTGGTCTGGAACTT
170,unbound>unbound,ATTGCATGACTGGTCCA,ATTGCATGGCTGGTCCA
171,unbound>unbound,GTCACCCATACCAGGTA,GTCACCCACACCAGGTA
172,unbound>unbound,AGAGAGAACGGTAAATG,AGAGAGAATGGTAAATG
173,unbound>unbound,GAGGAATTTCTGGCTCC,GAGGAATTCCTGGCTCC
174,unbound>unbound,CAACGAAATACTCCAAC,CAACGAAAGACTCCAAC
175,unbound>unbound,CGAATGCCAGAACCGGT,CGAATGCCGGAACCGGT
176,unbound>unbound,CCTCAATTTGACAGGAT,CCTCAATTCGACAGGAT
177,unbound>unbound,TTCTAGTAGATCTTTAG,TTCTAGTAAATCTTTAG
178,unbound>unbound,GCTGCATTTATCAATAT,GCTGCATTCATCAATAT
179,unbound>unbound,TTTTCCTAAAACTGGAA,TTTTCCTAGAACTGGAA
180,unbound>unbound,GGAGTCAGTCGGAACCC,GGAGTCAGCCGGAACCC
181,unbound>unbound,GTAGGTAAGTGGACCAA,GTAGGTAACTGGACCAA
182,unbound>unbound,CATCCACCCGGAGAAAT,CATCCACCTGGAGAAAT
183,unbound>unbound,ATTTTTCTAAACACTTT,ATTTTTCTGAACACTTT
184,unbound>unbound,AAGTTCCACGTCTGCCA,AAGTTCCAAGTCTGCCA
185,unbound>unbound,TCTCTCTTAATTTGGCT,TCTCTCTTCATTTGGCT
186,unbound>unbound,ACTCTTGCACAAACTCC,ACTCTTGCGCAAACTCC
187,unbound>unbound,GCCCCTGCATGCCTTAC,GCCCCTGCCTGCCTTAC
188,unbound>unbound,TGTTCCGGCGTCAGAGG,TGTTCCGGTGTCAGAGG
189,unbound>unbound,TGCACAATCAGAACTCC,TGCACAATGAGAACTCC
190,unbound>unbound,TCCCATTCCACAACAGG,TCCCATTCGACAACAGG
191,unbound>unbound,ATCCGGGGAAAGAAGGA,ATCCGGGGGAAGAAGGA
192,unbound>unbound,CCAAAGCCTGTGCCATA,CCAAAGCCCGTGCCATA
193,unbound>unbound,GGATTGGAAAGGATGTC,GGATTGGAGAGGATGTC
194,unbound>unbound,CAAGGCACATCAGTGGC,CAAGGCACGTCAGTGGC
195,unbound>unbound,TATAGCTTTAGACCTTC,TATAGCTTCAGACCTTC
196,unbound>unbound,CGGACCATTGGTGTCAT,CGGACCATCGGTGTCAT
197,unbound>unbound,ACGCGGTAAGCATACCA,ACGCGGTAGGCATACCA
198,unbound>unbound,TAGAGACTGTTGGTAAC,TAGAGACTATTGGTAAC
199,unbound>unbound,AGCCCTGCAGGAGAAAT,AGCCCTGCTGGAGAAAT
200,unbound>unbound,GTCATCCTGTTCATTCT,GTCATCCTCTTCATTCT
201,unbound>unbound,TTTCAATTTGGTCTTTG,TTTCAATTCGGTCTTTG
202,unbound>unbound,TGCAGCGACGGATGAGT,TGCAGCGATGGATGAGT
203,unbound>unbound,TTTGTAAAATCTGTAGT,TTTGTAAATTCTGTAGT
204,unbound>unbound,ATGAACAATGATGACAT,ATGAACAACGATGACAT
205,unbound>unbound,ACAAGATGTGGGAAGAA,ACAAGATGCGGGAAGAA
206,unbound>unbound,GACCATGATGATCTCCA,GACCATGACGATCTCCA
207,unbound>unbound,GGAACAAATAGGCATCC,GGAACAAACAGGCATCC
208,unbound>unbound,CGACATATGTATAGTGC,CGACATATTTATAGTGC
209,unbound>unbound,GCCCCAGGTGGAGAGGC,GCCCCAGGCGGAGAGGC
210,unbound>unbound,CAGTCTTAACCCATGAG,CAGTCTTACCCCATGAG
211,ambiguous>unbound,TGGAATCGTCAAAAAAA,TGGAATCGCCAAAAAAA
212,unbound>unbound,CGCATCCATGTGGAGAT,CGCATCCACGTGGAGAT
213,unbound>unbound,CCCGCGAGTGAAGGAAC,CCCGCGAGCGAAGGAAC
214,unbound>unbound,TTTTTCATTATCGGGGA,TTTTTCATCATCGGGGA
215,unbound>unbound,TTTAGGCCTAAGATCAA,TTTAGGCCAAAGATCAA
216,unbound>unbound,GGCGGCCCAGAAATGAG,GGCGGCCCGGAAATGAG
217,unbound>unbound,TGATCACTCAGTGCCGG,TGATCACTGAGTGCCGG
218,unbound>unbound,CTTGGGTAAATGGTGAC,CTTGGGTAGATGGTGAC
219,unbound>unbound,ATGAAATAACGCTCCAA,ATGAAATAGCGCTCCAA
220,unbound>unbound,TAACTGATTAATGCATT,TAACTGATGAATGCATT
221,unbound>unbound,GAGCACCACACCTGGTA,GAGCACCAGACCTGGTA
222,unbound>unbound,GGCAGCCTGGCTCCGCC,GGCAGCCTCGCTCCGCC
223,unbound>unbound,TTCCAGCTGGAGCTTCG,TTCCAGCTAGAGCTTCG
224,unbound>unbound,GTCTCCTCTGCAGGGTT,GTCTCCTCCGCAGGGTT
225,unbound>unbound,AAAATAAACAGCCTTGG,AAAATAAAGAGCCTTGG
226,unbound>unbound,ACTGTGAGTCATAGTCC,ACTGTGAGCCATAGTCC
227,unbound>unbound,CCCTCTGACAGGAGCCG,CCCTCTGAGAGGAGCCG
228,unbound>unbound,TAATTCAAACTTCCCAT,TAATTCAACCTTCCCAT
229,unbound>unbound,CTCACGTTTATAAAGCT,CTCACGTTGATAAAGCT
230,unbound>unbound,GTGCTGCTTACCCATGA,GTGCTGCTCACCCATGA
231,unbound>unbound,ATTCCACTGAACTATCA,ATTCCACTCAACTATCA
232,unbound>unbound,TGTTTCTGCCATCCAAA,TGTTTCTGTCATCCAAA
233,unbound>unbound,CTGTGGCTAAGATAGGT,CTGTGGCTGAGATAGGT
234,unbound>unbound,TCTGCGACTATCCCTTC,TCTGCGACCATCCCTTC
235,unbound>unbound,TAGGAGCCAAATTTTTT,TAGGAGCCGAATTTTTT
236,unbound>unbound,ATTATTTCTATGCCACC,ATTATTTCCATGCCACC
237,unbound>unbound,ATCTTCGCACTTCTCTT,ATCTTCGCCCTTCTCTT
238,unbound>unbound,CTCATCTATGTTCACAA,CTCATCTACGTTCACAA
239,unbound>unbound,CTTCATCATAGTGTCCA,CTTCATCAGAGTGTCCA
240,unbound>unbound,CCCTGTTCGCTCTCAGT,CCCTGTTCTCTCTCAGT
241,unbound>unbound,TGTGGGGTTGGCTGAGG,TGTGGGGTCGGCTGAGG
242,unbound>unbound,AAGAAGTTTACCACAGC,AAGAAGTTCACCACAGC
243,unbound>unbound,AGAAGATTTTATGTGCA,AGAAGATTCTATGTGCA
244,unbound>unbound,AAAGTTTTTGGGCTTGT,AAAGTTTTCGGGCTTGT
245,unbound>unbound,AGAGTGTAACTTCATAG,AGAGTGTACCTTCATAG
246,unbound>unbound,TATGCAGAATTACAATG,TATGCAGACTTACAATG
247,unbound>unbound,GTAGGCACACGTGTGGC,GTAGGCACGCGTGTGGC
248,unbound>unbound,CCAGGACCAAGTCGACC,CCAGGACCGAGTCGACC
249,unbound>unbound,TTCAGGATATCAGGAGT,TTCAGGATCTCAGGAGT
250,unbound>unbound,TGAATTTTAAGCCAAAT,TGAATTTTGAGCCAAAT
251,unbound>unbound,CGGCCACAAGAGGGAAA,CGGCCACATGAGGGAAA
252,unbound>unbound,TTAGTACCACAGATGGT,TTAGTACCGCAGATGGT
253,unbound>unbound,GCTTGCCTTACAGAAAC,GCTTGCCTGACAGAAAC
254,unbound>unbound,CAGCACCTTCTCCGGGC,CAGCACCTCCTCCGGGC
255,bound>ambiguous,GGCGGGAACGGTGAGTC,GGCGGGAAGGGTGAGTC
256,unbound>unbound,GGAGGACCAGCTCTTCA,GGAGGACCGGCTCTTCA
257,unbound>unbound,GCAGAGTATGCAGAGCC,GCAGAGTACGCAGAGCC
258,unbound>unbound,ATCATCTTTCATGTTGG,ATCATCTTCCATGTTGG
259,unbound>unbound,GTTGACATTCGCCTCTC,GTTGACATCCGCCTCTC
260,unbound>unbound,TCTTCAATGTTCTGATG,TCTTCAATTTTCTGATG
261,unbound>unbound,GGCAGTTGTGCAGGGCC,GGCAGTTGCGCAGGGCC
262,unbound>unbound,AGAAGTTTGTTCCTGTT,AGAAGTTTCTTCCTGTT
263,unbound>unbound,AATAGCCTGTGAAATTC,AATAGCCTCTGAAATTC
264,unbound>unbound,TTCCTGCTAGAGCTTTA,TTCCTGCTGGAGCTTTA
265,unbound>unbound,GACGTACACAAAATCCT,GACGTACAAAAAATCCT
266,unbound>unbound,CCACCATGATGCTGTCT,CCACCATGGTGCTGTCT
267,unbound>unbound,TGGTGGCCGTGGTGAGC,TGGTGGCCATGGTGAGC
268,unbound>unbound,ATATATTCGTTCTGCAG,ATATATTCATTCTGCAG
269,unbound>unbound,CAGCTCTTTCTTGGTTC,CAGCTCTTCCTTGGTTC
270,unbound>unbound,TTCCGGGTGTTTTCTGA,TTCCGGGTCTTTTCTGA
271,unbound>unbound,ACCCAGCATCCTGTAGT,ACCCAGCAGCCTGTAGT
272,unbound>unbound,CCATTGTGATAAGAGTC,CCATTGTGGTAAGAGTC
273,unbound>unbound,GACTGGGAAAAAATGAG,GACTGGGAGAAAATGAG
274,unbound>unbound,AGCTCCTTTGAGGCCTG,AGCTCCTTCGAGGCCTG
275,unbound>unbound,CTGGGGGCTCCCCGCTA,CTGGGGGCCCCCCGCTA
276,unbound>unbound,GTTTGTGGTCTCCTACC,GTTTGTGGCCTCCTACC
277,unbound>unbound,ACACAACTAAAAATAGA,ACACAACTGAAAATAGA
278,unbound>unbound,CCAGCCTTTAGCCGAAA,CCAGCCTTCAGCCGAAA
279,unbound>unbound,CCTGAGCTGAGGTGGCC,CCTGAGCTCAGGTGGCC
280,unbound>unbound,AGCCCCTGCGCAAGGCC,AGCCCCTGAGCAAGGCC
281,unbound>unbound,CCGGAGCTGGGGCTGAA,CCGGAGCTCGGGCTGAA
282,unbound>unbound,TTAACTGTTGAATGAGC,TTAACTGTCGAATGAGC
283,unbound>unbound,CCATTGCAAAGGTAAGG,CCATTGCAGAGGTAAGG
284,unbound>unbound,GGCTGGAACAGACAGCT,GGCTGGAAGAGACAGCT
285,unbound>unbound,CAAGTGGGCAATAGTCA,CAAGTGGGTAATAGTCA
286,unbound>unbound,CTCCACATGTCTATCCA,CTCCACATCTCTATCCA
287,unbound>unbound,TGAGGGCTTTGACTTCT,TGAGGGCTCTGACTTCT
288,unbound>unbound,CTGAGGTCTAAGCTGGG,CTGAGGTCGAAGCTGGG
289,unbound>unbound,TCACTGGTTAGGGCCCG,TCACTGGTCAGGGCCCG
290,unbound>unbound,GAACTAGTAATTTCTAC,GAACTAGTCATTTCTAC
291,unbound>unbound,CAAACCCTCCATTGATC,CAAACCCTTCATTGATC
292,unbound>unbound,AGTGATGTTCACGGCAA,AGTGATGTCCACGGCAA
293,unbound>unbound,CCATCATTTTAGCATTA,CCATCATTCTAGCATTA
294,unbound>unbound,TGAGCTCACAAGAATTA,TGAGCTCAGAAGAATTA
295,unbound>unbound,TGTCTTACTGAAATTCT,TGTCTTACCGAAATTCT
296,unbound>unbound,GTGACATTAAACACGAC,GTGACATTGAACACGAC
297,unbound>unbound,GGCTGCCTGCAGCCGAA,GGCTGCCTCCAGCCGAA
298,unbound>unbound,GGGCCTGACTGGAAGAG,GGGCCTGATTGGAAGAG
299,unbound>unbound,ATTTATCTGAAAGGTAA,ATTTATCTCAAAGGTAA
300,unbound>unbound,ATGAACCTTAGAGACCC,ATGAACCTCAGAGACCC
301,unbound>unbound,AATTTCATTATAAACTC,AATTTCATGATAAACTC
302,unbound>unbound,GGATCTTTTATCAAAAG,GGATCTTTCATCAAAAG
303,unbound>unbound,GACCCTGCACGTCCTGG,GACCCTGCGCGTCCTGG
304,unbound>unbound,CCTTCGTCTAGCAGGCC,CCTTCGTCCAGCAGGCC
305,unbound>unbound,AGGAGCATTAGCTGCGG,AGGAGCATCAGCTGCGG
306,unbound>unbound,TGAAATGCAGGTGCAGC,TGAAATGCTGGTGCAGC
307,unbound>unbound,GCCAGGCTCATGGGCTT,GCCAGGCTGATGGGCTT
308,bound>bound,GGCGCCGTGCGCCGACG,GGCGCCGTCCGCCGACG
309,unbound>unbound,GCGCTAGCAAGACGAAC,GCGCTAGCGAGACGAAC
310,unbound>unbound,GTTCTGTAAAAGGACAT,GTTCTGTAGAAGGACAT
311,unbound>unbound,CCTTGTTTTGTGATCAG,CCTTGTTTGGTGATCAG
312,unbound>unbound,GGTAGGGGTCGCCGGGG,GGTAGGGGCCGCCGGGG
313,unbound>unbound,AACCCCATATTCAATGA,AACCCCATCTTCAATGA
314,ambiguous>bound,AAGGCGCTCAAAGTATC,AAGGCGCTGAAAGTATC
315,unbound>unbound,AGCTGCACCGTCACATT,AGCTGCACTGTCACATT
316,unbound>unbound,GAGCTGACAGATGCAAT,GAGCTGACGGATGCAAT
317,unbound>unbound,TTCTTGTGCATTATCTT,TTCTTGTGTATTATCTT
318,unbound>unbound,CCTGTCCCCGCGGCAAT,CCTGTCCCTGCGGCAAT
319,unbound>unbound,TCACGATTTCAATCCAG,TCACGATTCCAATCCAG
320,unbound>unbound,ATTGGTAATTCTTTCAC,ATTGGTAACTCTTTCAC
321,unbound>unbound,GCGTCCTCTTCGTCCGA,GCGTCCTCCTCGTCCGA
322,unbound>unbound,GGAGGAGCATCGGACAG,GGAGGAGCGTCGGACAG
323,unbound>unbound,TTGGCATATACATAGCT,TTGGCATAGACATAGCT
324,unbound>unbound,CCTGGTCTGAGAGGTGA,CCTGGTCTCAGAGGTGA
325,unbound>unbound,ACATCTCGATCTTCACG,ACATCTCGCTCTTCACG
326,unbound>unbound,CAGCTTCAAAAGGTGGG,CAGCTTCACAAGGTGGG
327,unbound>unbound,CTCGCAGATGCCGGCTG,CTCGCAGACGCCGGCTG
328,unbound>unbound,CGAACTCAGAAGTATTA,CGAACTCAAAAGTATTA
329,unbound>unbound,GTCATAGTTCTGAACCA,GTCATAGTCCTGAACCA
330,unbound>unbound,GTGGGAATAAACTCCCT,GTGGGAATGAACTCCCT
331,unbound>unbound,CAGGCCTTTGAAGTGGA,CAGGCCTTCGAAGTGGA
332,unbound>unbound,AGAGAGGTGCGCTGTGG,AGAGAGGTACGCTGTGG
333,unbound>unbound,CTGGCAGTAAGCAGACA,CTGGCAGTGAGCAGACA
334,unbound>unbound,GCTGGGACCCGCAGAGT,GCTGGGACGCGCAGAGT
335,unbound>ambiguous,TTAGCTTTTGCCGCGCT,TTAGCTTTCGCCGCGCT
336,unbound>unbound,TGTCTGCTAATAGCAAA,TGTCTGCTGATAGCAAA
337,unbound>unbound,CAGCGACCTCTGCTACA,CAGCGACCCCTGCTACA
338,unbound>unbound,AATGCCTGAAAGGGGAC,AATGCCTGCAAGGGGAC
339,unbound>unbound,AAAACCCGATTATTGAC,AAAACCCGGTTATTGAC
340,unbound>unbound,GGCCCAGACACTCCTGA,GGCCCAGAGACTCCTGA
341,unbound>unbound,AGGGTGCTAAGGTCCTG,AGGGTGCTGAGGTCCTG
342,unbound>unbound,TTCCACTGTTAAGTAAA,TTCCACTGGTAAGTAAA
343,unbound>unbound,CCCGATTATGTAATCCT,CCCGATTACGTAATCCT
344,unbound>unbound,CTGTCCTGTACTCTGGA,CTGTCCTGGACTCTGGA
345,unbound>unbound,AAAGCTACAGAACTTGC,AAAGCTACGGAACTTGC
346,unbound>unbound,CTAGAGGTTACGTGTTC,CTAGAGGTCACGTGTTC
347,unbound>unbound,TCGACCCACCAGCAAGC,TCGACCCATCAGCAAGC
348,unbound>unbound,GTTACCTTATCTGAATG,GTTACCTTCTCTGAATG
349,unbound>unbound,AGCTTTCCATGTGAAAT,AGCTTTCCGTGTGAAAT
350,unbound>unbound,CGGTTGGCGTGACTCTC,CGGTTGGCTTGACTCTC
351,unbound>unbound,AAGAGCCTAAGAGAGCG,AAGAGCCTGAGAGAGCG
352,unbound>unbound,CAGATGGATTCCTTCCT,CAGATGGAGTCCTTCCT
353,unbound>unbound,CCTCCCCTTAGCTCACT,CCTCCCCTCAGCTCACT
354,unbound>unbound,CAGCAACGTAGTGTGCA,CAGCAACGCAGTGTGCA
355,unbound>unbound,TTTCCCCATACACGCTT,TTTCCCCAGACACGCTT
356,unbound>unbound,GCTGAGCTACTGTGCTG,GCTGAGCTCCTGTGCTG
357,unbound>unbound,TGAAATCTAGCCAGCTA,TGAAATCTGGCCAGCTA
358,unbound>unbound,GGCAAACCAACTGGTGA,GGCAAACCGACTGGTGA
359,unbound>unbound,GTAGGTAAGTGGACCAA,GTAGGTAACTGGACCAA
360,unbound>unbound,GGCAATGTAGATGGTCA,GGCAATGTGGATGGTCA
361,unbound>unbound,GACATCTTCATGAATAT,GACATCTTGATGAATAT
362,unbound>unbound,AATTAAACTGTAACACA,AATTAAACCGTAACACA
363,unbound>unbound,CTCCTGCTTACCCTCCT,CTCCTGCTCACCCTCCT
364,bound>bound,TGCTGGCTAAGCGCCAG,TGCTGGCTGAGCGCCAG
365,unbound>unbound,CTGTGTCTCAGGCCAGC,CTGTGTCTGAGGCCAGC
366,bound>unbound,CAGGTGGGTGCTGGTGT,CAGGTGGGCGCTGGTGT
367,unbound>unbound,TCTACGGCAAGGGCTTC,TCTACGGCGAGGGCTTC
368,unbound>unbound,AAATGGGTGTCTGCTGA,AAATGGGTCTCTGCTGA
369,unbound>unbound,GAAGATTTTACCATGGA,GAAGATTTCACCATGGA
370,unbound>unbound,GATGACATTGTGGGGCT,GATGACATGGTGGGGCT
371,unbound>unbound,GCTGCTCTGGCTTCTTC,GCTGCTCTCGCTTCTTC
372,unbound>unbound,TGGCACTCTGGCATACC,TGGCACTCAGGCATACC
373,unbound>unbound,GTTCAGCTTGGCTCGGA,GTTCAGCTCGGCTCGGA
374,unbound>unbound,ATCGGTGCAGACTCCAA,ATCGGTGCGGACTCCAA
375,unbound>unbound,TCCTTCCTTAGCCTCTC,TCCTTCCTCAGCCTCTC
376,bound>unbound,ATGGCCGGTGCCTGCCA,ATGGCCGGCGCCTGCCA
377,unbound>unbound,AGCTTGGCCAGGGCCAG,AGCTTGGCGAGGGCCAG
378,unbound>unbound,GAGGTCCAAGACACCAT,GAGGTCCAGGACACCAT
379,unbound>unbound,CCACAACGTTTACCGCA,CCACAACGATTACCGCA
380,unbound>unbound,CTATACTCACAGAGTCT,CTATACTCGCAGAGTCT
381,unbound>unbound,GTCCATATTCAGCTCAG,GTCCATATCCAGCTCAG
382,bound>bound,AGCTCAGCAAGGCGCCC,AGCTCAGCGAGGCGCCC
383,unbound>unbound,ATTCAGCTAAAATATCC,ATTCAGCTGAAATATCC
384,unbound>unbound,AGGTGGCCGGTAAGCTG,AGGTGGCCCGTAAGCTG
385,unbound>unbound,CTTCTGAGAAAAATTCA,CTTCTGAGGAAAATTCA
386,unbound>unbound,GACATTGAGATGGATGC,GACATTGACATGGATGC
387,unbound>unbound,CATTATATAATTTTTAC,CATTATATCATTTTTAC
388,unbound>unbound,CTGCTTAGGTGCTCCAC,CTGCTTAGCTGCTCCAC
389,unbound>unbound,GCTGTTCTTGCTCTTCG,GCTGTTCTCGCTCTTCG
390,bound>unbound,GGCAAGGGAGGGGGACA,GGCAAGGGCGGGGGACA
391,unbound>unbound,CTAGACAATGAAGAATT,CTAGACAACGAAGAATT
392,unbound>bound,CAGCCGCCAACGCATGC,CAGCCGCCGACGCATGC
393,unbound>unbound,TGTTCTTGGTGGTCAGA,TGTTCTTGATGGTCAGA
394,unbound>unbound,AGGGCCGAAATCCAGGA,AGGGCCGAGATCCAGGA
395,unbound>unbound,CTGCTGTCGAGATAGGA,CTGCTGTCAAGATAGGA
396,unbound>unbound,AACGAGTGTGAGATCAC,AACGAGTGCGAGATCAC
397,unbound>unbound,AATCCATTAAATTGGAA,AATCCATTGAATTGGAA
398,unbound>unbound,AGTCTTACTTTGTCCCA,AGTCTTACCTTGTCCCA
399,unbound>unbound,AGATGTTCGGCGACACG,AGATGTTCTGCGACACG
400,unbound>unbound,AATGTAACGCACGATAA,AATGTAACACACGATAA
401,unbound>unbound,CATGGATAACCCAGGGA,CATGGATACCCCAGGGA
402,unbound>unbound,TTGACCTGTGTCATGCT,TTGACCTGGGTCATGCT
403,unbound>unbound,ATGTGCTGTTCAGATGC,ATGTGCTGCTCAGATGC
404,unbound>unbound,ATGGCCCTTAGAAGCAA,ATGGCCCTGAGAAGCAA
405,unbound>unbound,CTGTCATTTAGTACTCC,CTGTCATTCAGTACTCC
406,unbound>unbound,GGGACACCAAGGCGTGG,GGGACACCGAGGCGTGG
407,unbound>unbound,TCCCTCTCCCACAACCC,TCCCTCTCACACAACCC
408,unbound>unbound,TTGGTAGGGTTCAGCAC,TTGGTAGGCTTCAGCAC
409,unbound>unbound,GGCTTGTCAGAAGGCTG,GGCTTGTCGGAAGGCTG
410,unbound>unbound,CCTCTTCTGAAAGTAGA,CCTCTTCTCAAAGTAGA
411,unbound>unbound,ATGAGTCTTAGGTAAGG,ATGAGTCTCAGGTAAGG
412,unbound>unbound,TTAGATTCCGCAATCAA,TTAGATTCAGCAATCAA
413,unbound>unbound,CAAATTTGTATATACTG,CAAATTTGCATATACTG
414,unbound>unbound,GACGGGCTGTGCCGGAT,GACGGGCTCTGCCGGAT
415,bound>bound,CCATGGGCACCCGCGCT,CCATGGGCGCCCGCGCT
416,unbound>unbound,CATTGACCGTCAGAGAA,CATTGACCATCAGAGAA
417,unbound>unbound,GCCTCTACCAGATCATA,GCCTCTACAAGATCATA
418,unbound>unbound,CGCATCAGGCAGTCAGA,CGCATCAGCCAGTCAGA
419,unbound>unbound,TCGACTTTTAGATAACC,TCGACTTTCAGATAACC
420,unbound>unbound,TCCATCAAACAAGGTGA,TCCATCAACCAAGGTGA
421,unbound>unbound,TGTCTGAGTAGGAGGTG,TGTCTGAGGAGGAGGTG
422,unbound>unbound,ACCCCTTTCATAATTGG,ACCCCTTTGATAATTGG
423,unbound>unbound,TCTTCATAAACTGATCT,TCTTCATAGACTGATCT
424,unbound>unbound,TCAAAGCACCTCTCCTT,TCAAAGCAGCTCTCCTT
425,unbound>unbound,CAGGACTCATCTCCGCA,CAGGACTCCTCTCCGCA
426,unbound>unbound,AAGAAGAAGGCCAAAGG,AAGAAGAAAGCCAAAGG
427,unbound>unbound,CTCCTAGGTGTGGCTCC,CTCCTAGGCGTGGCTCC
428,unbound>unbound,GAACTGCTAAAACAGTA,GAACTGCTGAAACAGTA
429,unbound>unbound,ATTTTTCTAATGGCAAT,ATTTTTCTGATGGCAAT
430,unbound>unbound,ATATGAAACATGGCAAG,ATATGAAAGATGGCAAG
431,unbound>unbound,AAATTAATTCAGCAGGA,AAATTAATCCAGCAGGA
432,unbound>unbound,TTTAAGACTCACGAGTG,TTTAAGACCCACGAGTG
433,unbound>unbound,TGCTGGTGCCCCACGTT,TGCTGGTGTCCCACGTT
434,unbound>unbound,CAAGAAATCGTCAACAT,CAAGAAATTGTCAACAT
435,unbound>unbound,GATAAATTATTTAAGGT,GATAAATTCTTTAAGGT
436,unbound>unbound,GACCCCTGTAGGAATGC,GACCCCTGGAGGAATGC
437,unbound>unbound,TGACTCCAGTCTCATCA,TGACTCCAATCTCATCA
438,unbound>unbound,ACATTCATTAGAGAGTC,ACATTCATCAGAGAGTC
439,unbound>unbound,AGGATGTGGAAAGTTGT,AGGATGTGAAAAGTTGT
440,unbound>unbound,CCGCTTCATCATGGAGC,CCGCTTCAACATGGAGC
441,unbound>unbound,ATTCTTCTGTTCTGGAG,ATTCTTCTCTTCTGGAG
442,unbound>unbound,TCCACAGCTAGGGAAGT,TCCACAGCCAGGGAAGT
443,unbound>unbound,GGACACTTCCCAATGGG,GGACACTTACCAATGGG
444,unbound>unbound,TTTACTTCAAAAGTCGT,TTTACTTCGAAAGTCGT
445,unbound>unbound,CAGTAGCTAAAGGGGCC,CAGTAGCTGAAGGGGCC
446,unbound>unbound,GAGTGGTTGAACTGCAG,GAGTGGTTCAACTGCAG
447,unbound>unbound,CATAGAGATGGGACACA,CATAGAGACGGGACACA
448,unbound>unbound,AAGTCCATGCCAGCATC,AAGTCCATCCCAGCATC
449,unbound>unbound,CCCACGCCATGTGCCAG,CCCACGCCGTGTGCCAG
450,unbound>unbound,CGCCTCCCGGGACCCTC,CGCCTCCCCGGACCCTC
451,unbound>unbound,TGGAGAGCACATCTTAA,TGGAGAGCGCATCTTAA
452,unbound>unbound,TGCTAGAATAACCTGAG,TGCTAGAAGAACCTGAG
453,unbound>unbound,CTCACCGTTCTCCGCGT,CTCACCGTCCTCCGCGT
454,unbound>unbound,CACTCCATGTTTTGACA,CACTCCATCTTTTGACA
455,unbound>unbound,CCGACTGGTTGTGGCCA,CCGACTGGCTGTGGCCA
456,unbound>unbound,AGCTGTGGTGAAAGGCA,AGCTGTGGCGAAAGGCA
457,unbound>unbound,CACCTTGCTATGGGTCA,CACCTTGCCATGGGTCA
458,unbound>unbound,GCAGCACACAAAGTGAG,GCAGCACAGAAAGTGAG
459,unbound>unbound,ATTTCCAACTGGGAGGA,ATTTCCAAATGGGAGGA
460,unbound>unbound,TTATCTAACAATAGCAT,TTATCTAATAATAGCAT
461,unbound>unbound,TGCACGGCAGCCTCTGG,TGCACGGCGGCCTCTGG
462,unbound>unbound,GAAGTAATTCGAACTAC,GAAGTAATCCGAACTAC
463,unbound>unbound,TCAGCACATACTGCGTG,TCAGCACACACTGCGTG
464,unbound>unbound,CAGGACCCTGACGTGGG,CAGGACCCCGACGTGGG
465,ambiguous>bound,CCAGATCTTAGCGCGGT,CCAGATCTCAGCGCGGT
466,unbound>unbound,TTCCAATATGGTAGATG,TTCCAATACGGTAGATG
467,unbound>unbound,AAATGACATCTGTGGCT,AAATGACACCTGTGGCT
468,unbound>unbound,TAGTAAGAAAACAATTT,TAGTAAGAGAACAATTT
469,unbound>unbound,ATGTAGTCGCTCAGCAC,ATGTAGTCTCTCAGCAC
470,unbound>unbound,ATGAACACTAGCATCTC,ATGAACACCAGCATCTC
471,unbound>unbound,AAGAGAAACTTATGTGT,AAGAGAAAATTATGTGT
472,unbound>unbound,GGGTTGGGAGGAGGCAG,GGGTTGGGTGGAGGCAG
473,unbound>unbound,AAAACTAGGAACAGAAG,AAAACTAGAAACAGAAG
474,unbound>unbound,CTCAAGTGTTTCAATGA,CTCAAGTGCTTCAATGA
475,unbound>unbound,GAGCAGCTTGAACTCGA,GAGCAGCTGGAACTCGA
476,unbound>unbound,CTGTTGCCGCCTGCACC,CTGTTGCCACCTGCACC
477,unbound>unbound,CAGCGGCCACACACCGG,CAGCGGCCGCACACCGG
478,unbound>unbound,GTACCTTTAAAGCAGCC,GTACCTTTGAAGCAGCC
479,unbound>unbound,AAGGCGAATGTGATATC,AAGGCGAACGTGATATC
480,unbound>unbound,AGAGAATTTGGTCAACA,AGAGAATTCGGTCAACA
481,unbound>unbound,ACTGGAGGCGAAGAGGG,ACTGGAGGTGAAGAGGG
482,unbound>unbound,GACTTGGATATGTTAGC,GACTTGGAGATGTTAGC
483,bound>bound,CCGCGCCTGGCGCTATG,CCGCGCCTCGCGCTATG
484,unbound>unbound,TTCACGCGTTTGGCACT,TTCACGCGGTTGGCACT
485,unbound>unbound,TTTACCTTTTGATGATG,TTTACCTTCTGATGATG
486,unbound>unbound,CACAGCGACTTCTTCGC,CACAGCGATTTCTTCGC
487,unbound>unbound,AGTCACCTTGGAGAACC,AGTCACCTCGGAGAACC
488,unbound>unbound,CTATATATTTTATCCGG,CTATATATCTTATCCGG
489,unbound>unbound,ATGGTGATCATGGTGCT,ATGGTGATGATGGTGCT
490,unbound>unbound,AGAAGTTCTACCAGGAT,AGAAGTTCCACCAGGAT
491,unbound>unbound,CCACTCAGTGGCCCATG,CCACTCAGGGGCCCATG
492,unbound>unbound,ACAAAACCATCTGGGTT,ACAAAACCGTCTGGGTT
493,unbound>unbound,ACTGGAGGAGCCCCCGG,ACTGGAGGGGCCCCCGG
494,unbound>unbound,CTAGCATATGTCTGATT,CTAGCATAGGTCTGATT
495,unbound>unbound,GTCTTCTTCGTCTGGAA,GTCTTCTTGGTCTGGAA
496,unbound>unbound,CTCCATCAAAAGCACAC,CTCCATCAGAAGCACAC
497,unbound>unbound,CTTGGTGGTACTGGCAG,CTTGGTGGCACTGGCAG
498,unbound>unbound,CCTCTGCTTCCCGAGGC,CCTCTGCTCCCCGAGGC
499,unbound>unbound,CGAAGCCTTAGGTCTTC,CGAAGCCTCAGGTCTTC
500,unbound>unbound,TCCATATTTATCCTCTT,TCCATATTCATCCTCTT
501,unbound>unbound,TACAATCTGGTATTTTA,TACAATCTCGTATTTTA
502,unbound>unbound,ATCTGACAACATCTGAT,ATCTGACAGCATCTGAT
503,unbound>unbound,GACGATGTGCTCAGGGC,GACGATGTCCTCAGGGC
504,unbound>unbound,CCTTGGGGACTTTCAGG,CCTTGGGGCCTTTCAGG
505,unbound>unbound,TGGACAGCCCCACAGGC,TGGACAGCTCCACAGGC
506,unbound>unbound,CAGTGGGTTGAGCAGCC,CAGTGGGTCGAGCAGCC
507,unbound>unbound,ATTGCTCCTCAGACTCC,ATTGCTCCCCAGACTCC
508,unbound>unbound,TGGAGGAGTAACTGGAA,TGGAGGAGGAACTGGAA
509,unbound>unbound,AGCTGGCCAGGGGAGAT,AGCTGGCCGGGGGAGAT
510,unbound>unbound,TCTTGTGCCTTAGCAAT,TCTTGTGCATTAGCAAT
511,unbound>unbound,GCCACATACATGACTGT,GCCACATAGATGACTGT
512,unbound>unbound,GGAAGACAAAGCCAGTC,GGAAGACACAGCCAGTC
513,unbound>unbound,GCGGGGCCAGCGGCCAG,GCGGGGCCGGCGGCCAG
514,unbound>unbound,TGTCAACTAAGTGAATT,TGTCAACTGAGTGAATT
515,unbound>unbound,GTCCCCAGTGTGGCCTT,GTCCCCAGGGTGGCCTT
516,unbound>unbound,CGACAGCATCTTGTCCT,CGACAGCAGCTTGTCCT
517,unbound>unbound,CGTAGTTGTGGAAGGTA,CGTAGTTGGGGAAGGTA
518,unbound>unbound,GAATGAGCAGAGCACTT,GAATGAGCGGAGCACTT
519,unbound>unbound,ATCTTCTTTACTAGAGC,ATCTTCTTCACTAGAGC
520,unbound>unbound,TATCTGGTTGAATAGGA,TATCTGGTCGAATAGGA
521,unbound>unbound,GGAGGATAGTAAGCCAG,GGAGGATATTAAGCCAG
522,unbound>unbound,CCACCTCTTGGGGGCGG,CCACCTCTCGGGGGCGG
523,unbound>unbound,CCTATATTTCTAGATTA,CCTATATTCCTAGATTA
524,unbound>bound,CCAGGAGGGCGCCTACA,CCAGGAGGACGCCTACA
525,unbound>unbound,GTAGATCATGTACACTG,GTAGATCAGGTACACTG
526,unbound>unbound,GCTGCCCAAGCCAGGCT,GCTGCCCAGGCCAGGCT
527,unbound>unbound,ATGGGCAAAAGAGCCTG,ATGGGCAAGAGAGCCTG
528,unbound>unbound,GTGAAGTTTGAGACTCT,GTGAAGTTCGAGACTCT
529,unbound>unbound,ACCTGCTTTAGCACCTT,ACCTGCTTCAGCACCTT
530,unbound>unbound,TACTGTCTGAGGCCGCA,TACTGTCTCAGGCCGCA
531,unbound>unbound,GAATTTCCACTGCAAAC,GAATTTCCGCTGCAAAC
532,unbound>unbound,GCTTACCTTAGGGAGAG,GCTTACCTCAGGGAGAG
533,unbound>unbound,AACTTCTTTACCAAATC,AACTTCTTCACCAAATC
534,unbound>unbound,GTATCCAGCAGGGGAAT,GTATCCAGGAGGGGAAT
535,unbound>unbound,CAAAAAGATGGATGCTG,CAAAAAGACGGATGCTG
536,unbound>unbound,CTGGCCACACCCGGTGA,CTGGCCACGCCCGGTGA
537,unbound>unbound,CTGCCAGTACCTGCCTG,CTGCCAGTGCCTGCCTG
538,unbound>unbound,AGATCTCCGTGCTTTCT,AGATCTCCATGCTTTCT
539,unbound>unbound,TCAAGATGAGCCATCTG,TCAAGATGGGCCATCTG
540,unbound>unbound,TACCTACTTTTCCTCGT,TACCTACTCTTCCTCGT
541,unbound>unbound,CCCTCCCTGAGCTCCGG,CCCTCCCTCAGCTCCGG
542,unbound>unbound,AACTACAGGTGGGCTCT,AACTACAGCTGGGCTCT
543,unbound>unbound,GCTCCCCATGAAGGTCG,GCTCCCCACGAAGGTCG
544,unbound>unbound,GCTGGCTTTCTTTGATC,GCTGGCTTCCTTTGATC
545,unbound>unbound,CGTTAATCTGGCTATAT,CGTTAATCCGGCTATAT
546,unbound>unbound,GGCTGCCGAAACTGAAC,GGCTGCCGGAACTGAAC
547,unbound>unbound,CAACTTCAGCTCCTAGA,CAACTTCAACTCCTAGA
548,unbound>unbound,TTGCAAAATTCATGTCT,TTGCAAAACTCATGTCT
549,unbound>unbound,GGTTAGATACTTGATAG,GGTTAGATCCTTGATAG
550,unbound>unbound,CTGGACCATGGCAAAGA,CTGGACCACGGCAAAGA
551,unbound>unbound,TGTCAGTTTTGTTGGTC,TGTCAGTTCTGTTGGTC
552,unbound>unbound,ATAAAAATATCATCATA,ATAAAAATGTCATCATA
553,unbound>unbound,TGAGACTTTGGAAGCCC,TGAGACTTCGGAAGCCC
554,unbound>unbound,AGAACTTCGATGTCAGG,AGAACTTCTATGTCAGG
555,unbound>unbound,AGCAACATGGTGGATAA,AGCAACATCGTGGATAA
556,unbound>unbound,AAACAGCTATTCCAGGT,AAACAGCTGTTCCAGGT
557,unbound>unbound,CAGCATTCGCTACAGCT,CAGCATTCACTACAGCT
558,unbound>unbound,CACAGAGCTGCACTGCA,CACAGAGCGGCACTGCA
559,unbound>unbound,GAGTGGGATCCCAGGGG,GAGTGGGACCCCAGGGG
560,unbound>unbound,AATAGCTTTCTAGAGAG,AATAGCTTCCTAGAGAG
561,unbound>unbound,CTGTCACAAAAGTCCTG,CTGTCACAGAAGTCCTG
562,unbound>unbound,TTCTGAGACAAAGCACC,TTCTGAGAGAAAGCACC
563,unbound>unbound,CTGTCTCATTGTTTATC,CTGTCTCACTGTTTATC
564,bound>bound,AGAGCGCCAAAGGTTCT,AGAGCGCCGAAGGTTCT
565,unbound>unbound,GATTGAACGAAAGCATG,GATTGAACTAAAGCATG
566,unbound>unbound,GAGATCCGAAACAATTT,GAGATCCGGAACAATTT
567,unbound>unbound,TTGGCAGTTACCATGGA,TTGGCAGTCACCATGGA
568,unbound>unbound,TTTTTAACTTGGAGCCA,TTTTTAACGTGGAGCCA
569,unbound>unbound,TGTGCAGAGGCTCCGTC,TGTGCAGATGCTCCGTC
570,unbound>unbound,AGGATGAATGGTGGGCT,AGGATGAAGGGTGGGCT
571,unbound>unbound,TTCAGGATGTCCTCATT,TTCAGGATCTCCTCATT
572,unbound>unbound,CTTGTTTTTACCCTGGC,CTTGTTTTCACCCTGGC
573,unbound>unbound,GTCTAGTATGTGCTGGA,GTCTAGTACGTGCTGGA
574,unbound>unbound,CCAGCTCAAGGATGATT,CCAGCTCACGGATGATT
575,unbound>unbound,AAATTTATAAATAAATT,AAATTTATCAATAAATT
576,unbound>unbound,ATGCCCAGGAAAGACTC,ATGCCCAGCAAAGACTC
577,unbound>unbound,GCACTGGTAAGAAAAAT,GCACTGGTGAGAAAAAT
578,unbound>unbound,GGAGGCCGAAGGCTCGA,GGAGGCCGGAGGCTCGA
579,unbound>unbound,GAACCTGAGCCAGGAGG,GAACCTGACCCAGGAGG
580,unbound>unbound,GAGGAGACTCTCCGAAC,GAGGAGACCCTCCGAAC
581,unbound>unbound,CCGAGCACCGACGTAGC,CCGAGCACTGACGTAGC
582,unbound>unbound,AAAAAAGTATTTTGTTC,AAAAAAGTCTTTTGTTC
583,unbound>unbound,AAAGGGGTAAGGCACTT,AAAGGGGTGAGGCACTT
584,unbound>unbound,CTGCTGGACAGAGGCAC,CTGCTGGAGAGAGGCAC
585,unbound>unbound,AGAGCCACAAGAGAGGA,AGAGCCACCAGAGAGGA
586,unbound>unbound,AGCCAGTCAAGGTCATT,AGCCAGTCGAGGTCATT
587,unbound>unbound,TCATGTAGTCAACAGCT,TCATGTAGCCAACAGCT
588,unbound>unbound,CTACTTTATACTATCAT,CTACTTTACACTATCAT
589,unbound>unbound,AATGCATTGTGGCCTTT,AATGCATTCTGGCCTTT
590,unbound>unbound,CTGGCTGCACTATGACT,CTGGCTGCGCTATGACT
591,unbound>unbound,TGAACACAAAGAATCAC,TGAACACAGAGAATCAC
592,unbound>unbound,ATAGCCATGATTTTGTG,ATAGCCATCATTTTGTG
593,unbound>unbound,CTTTGTCCACGTGAAGA,CTTTGTCCCCGTGAAGA
594,unbound>unbound,GCAGGCTGTTCACCAGT,GCAGGCTGCTCACCAGT
595,unbound>ambiguous,CCGCTCCTTGGGGCGCT,CCGCTCCTCGGGGCGCT
596,unbound>unbound,AATTAAAATAAGATAAT,AATTAAAAGAAGATAAT
597,unbound>unbound,CACAAACAAGCACCTCA,CACAAACACGCACCTCA
598,unbound>unbound,GTCTCTATAAGAAGTCC,GTCTCTATCAGAAGTCC
599,unbound>unbound,CCCAAGATTTACATCCA,CCCAAGATCTACATCCA
600,unbound>unbound,GGTACCTTCATCCAGGC,GGTACCTTGATCCAGGC
601,unbound>unbound,GAGACCCCTTCCACCAG,GAGACCCCCTCCACCAG
602,unbound>unbound,GACTCTACCTAAGAAAG,GACTCTACGTAAGAAAG
603,unbound>unbound,GATTCCTACATTAAGCC,GATTCCTAGATTAAGCC
604,unbound>unbound,CAAGGAACTCAAAGTGA,CAAGGAACGCAAAGTGA
605,unbound>unbound,TGTAAATTCAACTTTCC,TGTAAATTGAACTTTCC
606,unbound>unbound,AACTTCTATGGGGGCAA,AACTTCTACGGGGGCAA
607,unbound>unbound,TTTACCTGTAAGTTCAT,TTTACCTGGAAGTTCAT
608,unbound>unbound,AGGCAAACAACCTGTGA,AGGCAAACTACCTGTGA
609,unbound>unbound,AAGATAACTGCTCTTTG,AAGATAACCGCTCTTTG
610,unbound>unbound,AAAGCTGATGCCAGTGC,AAAGCTGACGCCAGTGC
611,unbound>unbound,CTGTGTGATCGCTCTGG,CTGTGTGACCGCTCTGG
612,ambiguous>unbound,TAGGGGAAAGCGCAGCC,TAGGGGAAGGCGCAGCC
613,unbound>unbound,CACATACATGATCATGT,CACATACACGATCATGT
614,unbound>unbound,AGAGCCAGCAGCTGCAG,AGAGCCAGGAGCTGCAG
615,unbound>unbound,CCGTCATCAGGGACCAG,CCGTCATCGGGGACCAG
616,unbound>unbound,TGCAAGTTCCGCATATG,TGCAAGTTGCGCATATG
617,unbound>unbound,AGAGGCTCAGTCGGGAT,AGAGGCTCTGTCGGGAT
618,unbound>unbound,TCAGGTGGGCAAAGGAC,TCAGGTGGACAAAGGAC
619,unbound>unbound,GACACTGTGGGTGCCAA,GACACTGTCGGTGCCAA
620,unbound>unbound,GCGGCGGCAGCAGCTGG,GCGGCGGCGGCAGCTGG
621,unbound>unbound,ATAACGTTTAAATACAT,ATAACGTTCAAATACAT
622,unbound>unbound,CACTGAAGCCGTTTTCT,CACTGAAGTCGTTTTCT
623,unbound>unbound,CGACAGACTGGAGGAAG,CGACAGACAGGAGGAAG
624,unbound>unbound,TCTTTGCCTGAATACCA,TCTTTGCCCGAATACCA
625,unbound>unbound,AGCACATTTGATAAAGG,AGCACATTCGATAAAGG
626,unbound>unbound,AGGGAAAATTATCACCA,AGGGAAAACTATCACCA
627,unbound>unbound,ACAGCTTTGTCAGGATC,ACAGCTTTCTCAGGATC
628,unbound>unbound,AGATACTGACGAATATA,AGATACTGGCGAATATA
629,unbound>unbound,TTGGACTTAAAGGAATG,TTGGACTTGAAGGAATG
630,unbound>unbound,TATCCAGGTTTCCAGGA,TATCCAGGCTTCCAGGA
631,unbound>unbound,TTAGCAATAAGTCCCGT,TTAGCAATGAGTCCCGT
632,unbound>unbound,CCCCTCGCTGTGTTGGG,CCCCTCGCCGTGTTGGG
633,unbound>unbound,GGCCCTGGGAGTGTGGA,GGCCCTGGTAGTGTGGA
634,unbound>unbound,GATCTGATAAAAAAATA,GATCTGATGAAAAAATA
635,unbound>unbound,TATTTGACATCTCCTTT,TATTTGACGTCTCCTTT
636,unbound>unbound,ATGCGACCCTAAGAGGC,ATGCGACCGTAAGAGGC
637,unbound>unbound,GATGGCCATCATTAAGG,GATGGCCAGCATTAAGG
638,unbound>unbound,TCAAAGCCTAGGGCCAA,TCAAAGCCGAGGGCCAA
639,unbound>unbound,TGTTGGGTATGGAATAT,TGTTGGGTCTGGAATAT
640,unbound>unbound,AGAAGCCTAAGGGAGGG,AGAAGCCTCAGGGAGGG
641,unbound>unbound,GCGTATTCAGTGAGGGG,GCGTATTCGGTGAGGGG
642,unbound>unbound,GCCTTTTTTACCACCAG,GCCTTTTTCACCACCAG
643,unbound>ambiguous,GATCTTGCGCCGCATGA,GATCTTGCACCGCATGA
644,unbound>unbound,TGATGGGATAGGCATGG,TGATGGGACAGGCATGG
645,unbound>unbound,TCTGCTTTGTATGCCAG,TCTGCTTTCTATGCCAG
646,unbound>unbound,GGCCAGGTGTTTTGTTT,GGCCAGGTCTTTTGTTT
647,unbound>unbound,CTTTCTAACTAAATCCT,CTTTCTAATTAAATCCT
648,unbound>unbound,TCTGTTTTTAGTAACAG,TCTGTTTTCAGTAACAG
649,unbound>unbound,CCAACACTATGTTTTAA,CCAACACTGTGTTTTAA
650,unbound>unbound,ATGTCGTCTCCAAGTCC,ATGTCGTCGCCAAGTCC
651,unbound>unbound,TCCAGAATGTCAGAATC,TCCAGAATCTCAGAATC
652,unbound>unbound,ATGCAGGTGTCTGCCGA,ATGCAGGTCTCTGCCGA
653,unbound>unbound,AGCTGAGTGTATAAAGG,AGCTGAGTATATAAAGG
654,unbound>unbound,GCTGTAATTATCATAGC,GCTGTAATCATCATAGC
655,unbound>unbound,GGTAAGGTTAGTGCAGC,GGTAAGGTCAGTGCAGC
656,unbound>unbound,AAGTGGATTCACTGCTT,AAGTGGATCCACTGCTT
657,unbound>unbound,CTCCTATGTGGGATGAG,CTCCTATGCGGGATGAG
658,unbound>unbound,CGACAACTTGCCCTTCG,CGACAACTCGCCCTTCG
659,unbound>unbound,AGAGCTAAGTTAACTAA,AGAGCTAATTTAACTAA
660,unbound>unbound,CTTCATATAAAACAACC,CTTCATATGAAACAACC
661,unbound>unbound,ACTAAACTGTAAGTTTC,ACTAAACTCTAAGTTTC
662,unbound>unbound,TGACCTGCATGCCAGGT,TGACCTGCGTGCCAGGT
663,unbound>unbound,GTGGGCACTGGCAACGG,GTGGGCACCGGCAACGG
664,unbound>unbound,AACATCCGGGAGCCAGG,AACATCCGCGAGCCAGG
665,bound>unbound,GAACGGCGTGATTCAGG,GAACGGCGCGATTCAGG
666,unbound>unbound,TGTAAGCGTAGTAAGCA,TGTAAGCGGAGTAAGCA
667,unbound>unbound,CAGGCTGATATCCCGTT,CAGGCTGACATCCCGTT
668,unbound>unbound,AAAAAAACGATAAAGGA,AAAAAAACAATAAAGGA
669,unbound>unbound,TCTCATATACCTGTGCT,TCTCATATCCCTGTGCT
670,unbound>unbound,GAGATGCGACTTTCAGG,GAGATGCGGCTTTCAGG
671,bound>unbound,CCCGGCAGTGCCACCAG,CCCGGCAGCGCCACCAG
672,unbound>unbound,GGCCAGCTTACCGCAGC,GGCCAGCTCACCGCAGC
673,unbound>unbound,GGGGTCCCAAGAAGAAC,GGGGTCCCGAGAAGAAC
674,unbound>unbound,GCCCAAATTGACTCGGT,GCCCAAATGGACTCGGT
675,unbound>unbound,GAAGCGTGCGAAAAAGG,GAAGCGTGGGAAAAAGG
676,unbound>unbound,CAACAACCAAGCCTTTT,CAACAACCGAGCCTTTT
677,unbound>unbound,TGAGCTCAGTGCAGCGG,TGAGCTCACTGCAGCGG
678,unbound>unbound,CTGGTGGCAATGGCACA,CTGGTGGCGATGGCACA
679,unbound>unbound,GGCTTGATTGATTCCAG,GGCTTGATCGATTCCAG
680,unbound>unbound,AACCAGCTTTCTCCATA,AACCAGCTGTCTCCATA
681,unbound>unbound,ATGGAATGTGCTTGTCC,ATGGAATGCGCTTGTCC
682,unbound>unbound,GAGGTGCCAAGAGCAAG,GAGGTGCCGAGAGCAAG
683,unbound>unbound,TGAAGGTCCAGTGAAGA,TGAAGGTCGAGTGAAGA
684,unbound>unbound,ATTTGTGGTAGATTGCC,ATTTGTGGCAGATTGCC
685,unbound>unbound,TCGAAATTAAGTTCCAG,TCGAAATTCAGTTCCAG
686,bound>unbound,TTGATGGCACTGCTGCT,TTGATGGCGCTGCTGCT
687,unbound>unbound,ACAGGCCATCGTGGGCA,ACAGGCCAGCGTGGGCA
688,unbound>unbound,GAACTCGGCCTCGAACT,GAACTCGGTCTCGAACT
689,unbound>unbound,TCATTTTTCGGTGGCTT,TCATTTTTAGGTGGCTT
690,unbound>unbound,GGCCTTCTACCAGCTGT,GGCCTTCTGCCAGCTGT
691,unbound>unbound,CTCTGGCTGTTCCTGGA,CTCTGGCTCTTCCTGGA
692,unbound>unbound,CCGACCTCTGGGGGCTT,CCGACCTCCGGGGGCTT
693,unbound>unbound,GCGGAGAGGAGAGCGGG,GCGGAGAGAAGAGCGGG
694,ambiguous>unbound,AATTGTTTTGCCATCTG,AATTGTTTCGCCATCTG
695,bound>unbound,GTTCCACGTGCCTGACT,GTTCCACGCGCCTGACT
696,unbound>unbound,AGCGGCCTTGCAGCAGA,AGCGGCCTCGCAGCAGA
697,unbound>unbound,ATCCCACTGTGTACTTC,ATCCCACTCTGTACTTC
698,unbound>unbound,CTATCTCAAAGGGACTC,CTATCTCAGAGGGACTC
699,unbound>unbound,ATTCCTGGGTATTGATC,ATTCCTGGCTATTGATC
700,unbound>unbound,ATACTCGCGGAGGCAGT,ATACTCGCCGAGGCAGT
701,unbound>unbound,CCGGGGCAGGGTGGAGT,CCGGGGCATGGTGGAGT
702,unbound>unbound,GGTGCCAATGGCAGTGA,GGTGCCAACGGCAGTGA
703,unbound>unbound,GACTTTTTTCCCGTCAT,GACTTTTTCCCCGTCAT
704,unbound>unbound,GTGCTGGCAGCTGGCCT,GTGCTGGCGGCTGGCCT
705,unbound>unbound,CGCTCATACAGTCCGAG,CGCTCATAAAGTCCGAG
706,unbound>unbound,TGGCAGAGTGTCCTGGC,TGGCAGAGCGTCCTGGC
707,unbound>unbound,AATGCTCTGTGTCTTAG,AATGCTCTCTGTCTTAG
708,unbound>unbound,GATGAATGGTTTGGACA,GATGAATGTTTTGGACA
709,unbound>unbound,TATGAATTTTCCTATGT,TATGAATTCTCCTATGT
710,unbound>unbound,CTGAGATACAACATTCC,CTGAGATAGAACATTCC
711,unbound>unbound,ATTTCCTTAATTATCCA,ATTTCCTTCATTATCCA
712,unbound>unbound,TCTACATGTGGTGAAGC,TCTACATGCGGTGAAGC
713,unbound>unbound,TGTCTTTTATTTTGGGG,TGTCTTTTCTTTTGGGG
714,unbound>unbound,GAACCCAGTCCAAGACG,GAACCCAGCCCAAGACG
715,unbound>unbound,GAGAGCAATGCCAGAGC,GAGAGCAACGCCAGAGC
716,unbound>unbound,ATGTGGGCCCTCTGAGT,ATGTGGGCTCTCTGAGT
717,unbound>unbound,TTCTGCTTTAGTTCCCT,TTCTGCTTCAGTTCCCT
718,unbound>unbound,CTCCAACAGGATGGGCA,CTCCAACAAGATGGGCA
719,unbound>unbound,TAGCGTGTCATGAACTT,TAGCGTGTGATGAACTT
720,unbound>unbound,GGCTGGAGCGGCCGGAG,GGCTGGAGAGGCCGGAG
721,unbound>unbound,AATTTTATGTGTCTCAC,AATTTTATCTGTCTCAC
722,unbound>unbound,TGAGTCCTAAAGTCACC,TGAGTCCTGAAGTCACC
723,unbound>unbound,CATTGAAGGGGTCTACT,CATTGAAGAGGTCTACT
724,unbound>unbound,CCCACACCACGTTTAGG,CCCACACCGCGTTTAGG
725,unbound>unbound,TATGAACACAAGGTAAG,TATGAACAGAAGGTAAG
726,unbound>unbound,GGATTCATTAACACAAA,GGATTCATCAACACAAA
727,unbound>unbound,CGAGGGTACGACCTTCC,CGAGGGTAGGACCTTCC
728,unbound>unbound,GCACATGTTCTTGCGCA,GCACATGTCCTTGCGCA
729,unbound>unbound,TTCCTCCAACACTGATT,TTCCTCCATCACTGATT
730,unbound>unbound,TAGTGGATAGTTAGTGA,TAGTGGATGGTTAGTGA
731,unbound>unbound,GGCATCATAGTCAGTAG,GGCATCATGGTCAGTAG
732,unbound>unbound,CCTGCTACACCTCAGGC,CCTGCTACGCCTCAGGC
733,unbound>unbound,CCTTTGGCAACCACTTT,CCTTTGGCCACCACTTT
734,unbound>unbound,GATGTAGCTCCTGAGTA,GATGTAGCCCCTGAGTA
735,unbound>unbound,TGGTCCAGGTCTTGTCC,TGGTCCAGATCTTGTCC
736,unbound>unbound,ACAGATCAGTGCTTGGG,ACAGATCAATGCTTGGG
737,unbound>unbound,TTGCTAAGGAAGTCCAG,TTGCTAAGTAAGTCCAG
738,unbound>unbound,ATTTCTTTTACCTAAAC,ATTTCTTTCACCTAAAC
739,unbound>unbound,GAAGGCAACACCTGCAG,GAAGGCAAGACCTGCAG
740,unbound>unbound,ACAGTCAGTCCACCAGG,ACAGTCAGGCCACCAGG
741,unbound>unbound,CTGACAAGTGAGCTGTA,CTGACAAGCGAGCTGTA
742,unbound>unbound,GCTTCCTGTGCTGCGTG,GCTTCCTGCGCTGCGTG
743,unbound>unbound,CAGGAAGATGCTGCCAG,CAGGAAGAGGCTGCCAG
744,unbound>unbound,TGATTTCTTGGATCAAA,TGATTTCTCGGATCAAA
745,unbound>unbound,CAGTAGCTAAAGGGGCC,CAGTAGCTGAAGGGGCC
746,unbound>unbound,CTATTCCAAAAGAGCAG,CTATTCCAGAAGAGCAG
747,unbound>unbound,AGGATCTTTTGGGGACT,AGGATCTTCTGGGGACT
748,unbound>unbound,AAAGTAAATTTAAAGAA,AAAGTAAAGTTAAAGAA
749,unbound>unbound,ACTCGATCATCCCGCAG,ACTCGATCGTCCCGCAG
750,unbound>unbound,AGAGAAACGTTACCAGT,AGAGAAACCTTACCAGT
751,bound>unbound,CTGTAGCGTGGTCCCCA,CTGTAGCGCGGTCCCCA
752,unbound>unbound,TTGCACCTTCAACGCAC,TTGCACCTCCAACGCAC
753,unbound>unbound,GGGCGGCTTCCGCCAGC,GGGCGGCTCCCGCCAGC
754,unbound>unbound,TGCTGCAGAAGCCAGAG,TGCTGCAGGAGCCAGAG
755,unbound>unbound,TGCGGGACGAAACACAG,TGCGGGACTAAACACAG
756,unbound>unbound,TAAAAGGTCTGAACAGA,TAAAAGGTATGAACAGA
757,unbound>unbound,CAGGGCCCAGAGGCGGA,CAGGGCCCGGAGGCGGA
758,unbound>unbound,GGTATATTTGTCCCATA,GGTATATTGGTCCCATA
759,unbound>unbound,CCCAGTCTAAGGAGCCT,CCCAGTCTGAGGAGCCT
760,unbound>unbound,GCCCCAAAGTTTTTGAG,GCCCCAAAATTTTTGAG
761,unbound>unbound,CCAGAGGACAGAGAGAA,CCAGAGGAGAGAGAGAA
762,unbound>unbound,TTAAGCCGGCTCTGCTC,TTAAGCCGCCTCTGCTC
763,unbound>unbound,CCACCTCTTTGGGGGCT,CCACCTCTCTGGGGGCT
764,unbound>unbound,ACACCGTGTGTGTAATT,ACACCGTGCGTGTAATT
765,unbound>unbound,ACTGCATGTGTATGTGA,ACTGCATGGGTATGTGA
766,unbound>unbound,GTCACACTGGCTCGTGG,GTCACACTCGCTCGTGG
767,unbound>unbound,GCAGCAGGTCTCTCCTC,GCAGCAGGGCTCTCCTC
768,unbound>unbound,ATATAAGCTCCTTCCTG,ATATAAGCACCTTCCTG
769,unbound>unbound,CTCCTATTAAGGCTGAC,CTCCTATTGAGGCTGAC
770,unbound>unbound,GTTTGAGGTTAAGTATT,GTTTGAGGGTAAGTATT
771,unbound>unbound,TCATTTAATATTTGACG,TCATTTAAGATTTGACG
772,unbound>unbound,GTCTCCCTTAGAGCCTG,GTCTCCCTCAGAGCCTG
773,unbound>unbound,GGCCATCTTGCTCCACA,GGCCATCTCGCTCCACA
774,unbound>unbound,CTCCTCTTCATTCAGAA,CTCCTCTTGATTCAGAA
775,unbound>unbound,TGACTGATACAAACTTT,TGACTGATCCAAACTTT
776,unbound>unbound,TGATGCTTAGTGCCAGC,TGATGCTTGGTGCCAGC
777,unbound>unbound,TCCAAGTTTATGGTCAG,TCCAAGTTCATGGTCAG
778,unbound>unbound,AAGGTACAAGCAGCGAG,AAGGTACAGGCAGCGAG
779,unbound>unbound,CTCCGGTTTATGCCGCC,CTCCGGTTCATGCCGCC
780,unbound>unbound,GACCCCCCACTTCCTCA,GACCCCCCGCTTCCTCA
781,unbound>unbound,AGGCCCCTTTGTCCCGT,AGGCCCCTCTGTCCCGT
782,unbound>unbound,TCAGAAAAAGGAGGGGA,TCAGAAAAGGGAGGGGA
783,unbound>unbound,TTCTTCCTTCTCCTCTT,TTCTTCCTCCTCCTCTT
784,unbound>unbound,GTTTAAATGGAATGAAT,GTTTAAATCGAATGAAT
785,unbound>unbound,CATATGTGCAGATCTAG,CATATGTGTAGATCTAG
786,unbound>unbound,TCACTTTCATTGTCACC,TCACTTTCGTTGTCACC
787,unbound>unbound,TCAATAGATCCTCACTG,TCAATAGAGCCTCACTG
788,bound>unbound,GCACTGCCTGCCAGGGG,GCACTGCCCGCCAGGGG
789,unbound>unbound,ATCTGTCTAAAAATGAA,ATCTGTCTGAAAATGAA
790,unbound>unbound,ATGCTGCAGAGAGACTC,ATGCTGCAAAGAGACTC
791,unbound>unbound,ATACATTCATAGAGTTC,ATACATTCGTAGAGTTC
792,unbound>unbound,GGGCCAACTCTGGCCCC,GGGCCAACCCTGGCCCC
793,unbound>unbound,AGCTGTTTAAGCTGCAA,AGCTGTTTCAGCTGCAA
794,unbound>unbound,GTCTCGAATATGTTTCA,GTCTCGAACATGTTTCA
795,unbound>unbound,TTCACCTTGTGACTCTT,TTCACCTTCTGACTCTT
796,unbound>unbound,CAGAGCCTGAAAGCGGC,CAGAGCCTCAAAGCGGC
797,unbound>unbound,TCCACTCTTAGTAAGAA,TCCACTCTCAGTAAGAA
798,unbound>unbound,ACCGAGGCAAAGCCAGC,ACCGAGGCGAAGCCAGC
799,unbound>unbound,ACGGCCGCAGCGAAGGG,ACGGCCGCGGCGAAGGG
800,unbound>unbound,GCCTTTTGATGCTCACG,GCCTTTTGGTGCTCACG
801,unbound>unbound,GCTCTTTTTCTGGTGCT,GCTCTTTTCCTGGTGCT
802,unbound>unbound,TCCCCATAGCTGGCATA,TCCCCATACCTGGCATA
803,unbound>unbound,TAAAAGGGCCAGAGGAC,TAAAAGGGACAGAGGAC
804,unbound>unbound,TCAATGGCAAACCCTGA,TCAATGGCGAACCCTGA
805,unbound>unbound,TTTCTTTAACTGCTCCT,TTTCTTTAGCTGCTCCT
806,unbound>unbound,AAGCGGGGCCTCACCTG,AAGCGGGGGCTCACCTG
807,unbound>unbound,GACTTTTATTCTGTGTA,GACTTTTACTCTGTGTA
808,unbound>unbound,GAAGTGGGAAAACCACC,GAAGTGGGGAAACCACC
809,unbound>unbound,GGGGGCACAGGGCTGCG,GGGGGCACGGGGCTGCG
810,unbound>unbound,TCAACCTCAAGGGTGAT,TCAACCTCGAGGGTGAT
811,unbound>unbound,CTCAAGCATCAGATTGG,CTCAAGCAGCAGATTGG
812,unbound>unbound,AGTCACTTATCGTGGTG,AGTCACTTCTCGTGGTG
813,unbound>bound,CCATTGGCGGGCCGCTC,CCATTGGCCGGCCGCTC
814,unbound>unbound,TTCTCTTTTCACCTCTA,TTCTCTTTCCACCTCTA
815,bound>bound,TACTTCAGAATGGCGGT,TACTTCAGGATGGCGGT
816,unbound>unbound,CTTCTGTCAGTCTCACT,CTTCTGTCTGTCTCACT
817,unbound>unbound,TCTCATTCGTGTCCCGA,TCTCATTCATGTCCCGA
818,unbound>unbound,ACCAGCCATAAATGGGG,ACCAGCCAGAAATGGGG
819,unbound>unbound,GCTTGATGGAAATACTT,GCTTGATGAAAATACTT
820,unbound>unbound,TTTTCCTTTGAGGCTGG,TTTTCCTTCGAGGCTGG
821,unbound>unbound,TCACCCAACAGTCCTGG,TCACCCAAGAGTCCTGG
822,unbound>unbound,ATGAGCATCAGAGTGTG,ATGAGCATGAGAGTGTG
823,unbound>unbound,TCTGCAGCCTCCGCAGG,TCTGCAGCGTCCGCAGG
824,unbound>unbound,GATAGCTTATCCTATGT,GATAGCTTCTCCTATGT
825,unbound>unbound,GCTTTATTAACTTCGAA,GCTTTATTGACTTCGAA
826,unbound>unbound,GCCATTCTCGCATAGCT,GCCATTCTTGCATAGCT
827,unbound>unbound,TCCCCTTTGTCTTACTC,TCCCCTTTCTCTTACTC
828,unbound>unbound,TCCACTCCCCGTCCTCC,TCCACTCCTCGTCCTCC
829,unbound>unbound,ATGCTTATGTCACACAA,ATGCTTATCTCACACAA
830,unbound>unbound,TGTGTCAGAAGCTGACC,TGTGTCAGGAGCTGACC
831,unbound>unbound,TGCCAGCACAGGTAGGC,TGCCAGCATAGGTAGGC
832,unbound>unbound,GAGGACTATATCAACGA,GAGGACTACATCAACGA
833,unbound>unbound,TCGGGTGTATTTGGAAC,TCGGGTGTCTTTGGAAC
834,unbound>unbound,ACAGGTGCGGTGCTTAT,ACAGGTGCAGTGCTTAT
835,unbound>unbound,AGTCAGCCAAATCCCAG,AGTCAGCCGAATCCCAG
836,unbound>unbound,GGCAGCGATGTGGAGCT,GGCAGCGACGTGGAGCT
837,unbound>unbound,TTATGTTTTGAAAAGAC,TTATGTTTCGAAAAGAC
838,unbound>unbound,TGCACGCCAGCACCAAA,TGCACGCCGGCACCAAA
839,unbound>unbound,AAAGCTAACGCCCGTAC,AAAGCTAATGCCCGTAC
840,unbound>unbound,CGGAAGCTGAAGGGCAT,CGGAAGCTCAAGGGCAT
841,unbound>unbound,CACTAGTCATCCCCCTC,CACTAGTCGTCCCCCTC
842,unbound>bound,CGCCGCCAAATACACTG,CGCCGCCAGATACACTG
843,unbound>unbound,CGGCACTGTGGATGTTT,CGGCACTGCGGATGTTT
844,unbound>unbound,TCCGCAATGTCAGAAAA,TCCGCAATCTCAGAAAA
845,unbound>unbound,AATGGAGGAAAGAGTCA,AATGGAGGCAAGAGTCA
846,unbound>unbound,GCTCTCCTGTTCTGAAT,GCTCTCCTCTTCTGAAT
847,unbound>unbound,AACCGGATGCTGGGGGT,AACCGGATCCTGGGGGT
848,unbound>unbound,TCTCACATGCAGCACTT,TCTCACATACAGCACTT
849,unbound>unbound,CCACCTGCAAACCGAAG,CCACCTGCGAACCGAAG
850,unbound>unbound,TCCCCATAGCTGGCATA,TCCCCATACCTGGCATA
851,unbound>unbound,TGTCCAAATAATGTAAG,TGTCCAAAGAATGTAAG
852,unbound>unbound,AAAGGACTGAAACGCGT,AAAGGACTCAAACGCGT
853,unbound>unbound,TTAGGTCTTACCACAGG,TTAGGTCTCACCACAGG
854,unbound>unbound,CAAGGATCACACCTATG,CAAGGATCGCACCTATG
855,unbound>unbound,ACTGTGTTAAGCAGGCT,ACTGTGTTGAGCAGGCT
856,unbound>unbound,GCCCATCCAAAGGACTG,GCCCATCCGAAGGACTG
857,unbound>unbound,AGCGTGGCAATCAACAG,AGCGTGGCCATCAACAG
858,unbound>unbound,CAGTCCTATGGAGCCCC,CAGTCCTACGGAGCCCC
859,unbound>unbound,CAGATGGATTCCTGTCT,CAGATGGACTCCTGTCT
860,unbound>unbound,AGATATGGACACTCCTG,AGATATGGGCACTCCTG
861,unbound>unbound,AAGCAATGCACATGGGT,AAGCAATGGACATGGGT
862,unbound>unbound,CCTCCATTTGTACCCCA,CCTCCATTCGTACCCCA
863,unbound>unbound,GTGCTGAGTAGGAGCCC,GTGCTGAGGAGGAGCCC
864,unbound>unbound,ATATATTTATTTTATTT,ATATATTTCTTTTATTT
865,unbound>unbound,TAGGTGATAACCATGAT,TAGGTGATCACCATGAT
866,unbound>unbound,AGTCACAGAGAGAGGTA,AGTCACAGCGAGAGGTA
867,unbound>unbound,TTGAGGGACAATCTCTG,TTGAGGGAGAATCTCTG
868,unbound>unbound,GGCTCCTTAATTGTGCT,GGCTCCTTCATTGTGCT
869,unbound>unbound,GTATGATGGGCTCTCGG,GTATGATGCGCTCTCGG
870,unbound>unbound,CCTCGTGGCGGCCCGGG,CCTCGTGGAGGCCCGGG
871,unbound>unbound,AATGATATCTAACAAAC,AATGATATATAACAAAC
872,unbound>unbound,GCGAAGCCGAGTCCTTC,GCGAAGCCTAGTCCTTC
873,unbound>unbound,AGGTACTCAAGGACCGC,AGGTACTCGAGGACCGC
874,unbound>unbound,TTGAGTTCCTCAAACCG,TTGAGTTCATCAAACCG
875,unbound>unbound,GGCTGCCACAGTGAGAG,GGCTGCCAGAGTGAGAG
876,unbound>unbound,AACAAGTTGTATGAAGG,AACAAGTTTTATGAAGG
877,unbound>unbound,AACCTTCCATTGTTGGT,AACCTTCCGTTGTTGGT
878,unbound>unbound,GCGCTGGGACGAGCGGA,GCGCTGGGGCGAGCGGA
879,unbound>unbound,GATTTCCTGTATGTTCG,GATTTCCTCTATGTTCG
880,unbound>unbound,TTAATAAAAGTGAAAAA,TTAATAAAGGTGAAAAA
881,unbound>unbound,CCCAGGATAGGCAGTCA,CCCAGGATGGGCAGTCA
882,unbound>unbound,CTCTGCCCCTGATTATC,CTCTGCCCTTGATTATC
883,unbound>unbound,CCAAAATTGAGCCGTTC,CCAAAATTCAGCCGTTC
884,unbound>unbound,TGAGTAACAAGAGGCTT,TGAGTAACGAGAGGCTT
885,ambiguous>unbound,ACACGAAGCCGGGACCC,ACACGAAGGCGGGACCC
886,unbound>unbound,TATGATGTAATATATTC,TATGATGTGATATATTC
887,bound>unbound,CAGGGCCGTGCGCAGGC,CAGGGCCGCGCGCAGGC
888,unbound>unbound,ACAGAAATTACGCTGAT,ACAGAAATGACGCTGAT
889,unbound>unbound,CTATGTCTTACTAAACT,CTATGTCTCACTAAACT
890,unbound>unbound,ACAGCGTCACCCAACCA,ACAGCGTCGCCCAACCA
891,unbound>unbound,GTGTACTTTATGAAGCA,GTGTACTTCATGAAGCA
892,unbound>unbound,CTCACCAGACCTTACCC,CTCACCAGGCCTTACCC
893,unbound>unbound,GGCATAACAAGGTCCTG,GGCATAACGAGGTCCTG
894,unbound>unbound,GGCCCTTGGGGGTGCCA,GGCCCTTGAGGGTGCCA
895,unbound>unbound,GGTCTTCCAGCCCAGGA,GGTCTTCCGGCCCAGGA
896,unbound>unbound,TAAAGTGTAATACCTTG,TAAAGTGTGATACCTTG
897,unbound>unbound,TGCCCACTACCCCTGCC,TGCCCACTGCCCCTGCC
898,unbound>unbound,GCTGCAGCAAGACCACG,GCTGCAGCGAGACCACG
899,unbound>unbound,TAGTGACAATGCAATTT,TAGTGACAGTGCAATTT
900,unbound>unbound,TAACAAGTTGAAATCCT,TAACAAGTCGAAATCCT
901,unbound>unbound,CCGCCGCAAAGGCTGAT,CCGCCGCAGAGGCTGAT
902,unbound>unbound,CGTGAGTTTCGGGCCCT,CGTGAGTTCCGGGCCCT
903,unbound>unbound,ACATCTTGTCCTCCTTC,ACATCTTGCCCTCCTTC
904,unbound>unbound,GATGGGCTTGATGAACA,GATGGGCTCGATGAACA
905,unbound>unbound,TCTTGAGGGAACATCCT,TCTTGAGGCAACATCCT
906,unbound>unbound,AGTGTGGAGAAGCCTTC,AGTGTGGAAAAGCCTTC
907,unbound>unbound,GTCAACATTTCTGGCCC,GTCAACATGTCTGGCCC
908,unbound>unbound,AGGCTGCCAGACTTGAG,AGGCTGCCGGACTTGAG
909,unbound>unbound,CACATCGTAAACACTCC,CACATCGTGAACACTCC
910,unbound>unbound,GGGACCCAAGCTCGCCA,GGGACCCAGGCTCGCCA
911,unbound>unbound,AACAGCTGTGAGTCCCT,AACAGCTGCGAGTCCCT
912,unbound>unbound,CATGACAGTGATGTACA,CATGACAGCGATGTACA
913,unbound>unbound,GTCCCAAATAATTTCTT,GTCCCAAAGAATTTCTT
914,unbound>unbound,TAGGTTGACACGGAAGC,TAGGTTGAGACGGAAGC
915,unbound>unbound,TTTCAAAAACAATGTCT,TTTCAAAAGCAATGTCT
916,unbound>unbound,CCAAAGAGTTCTCCCCT,CCAAAGAGATCTCCCCT
917,unbound>unbound,TTGGCAAAAAGAAGCTT,TTGGCAAAGAGAAGCTT
918,unbound>unbound,GCTCAGCACCATGGTCC,GCTCAGCAGCATGGTCC
919,unbound>unbound,AATGTACATAATAAGCC,AATGTACAGAATAAGCC
920,unbound>unbound,TGTGGAAGTAAGTCACC,TGTGGAAGCAAGTCACC
921,unbound>unbound,CTCACTGGACCGGGTCT,CTCACTGGCCCGGGTCT
922,unbound>unbound,TTCAACAGTGAAATGAC,TTCAACAGGGAAATGAC
923,unbound>unbound,ATAACGTAGCTCTTCCA,ATAACGTACCTCTTCCA
924,unbound>unbound,GCAAGACAACCACCCCG,GCAAGACAGCCACCCCG
925,unbound>unbound,AACCTACCAAATTTGAG,AACCTACCGAATTTGAG
926,unbound>unbound,TCAGCAAGAAGATGTTC,TCAGCAAGGAGATGTTC
927,unbound>unbound,CGAGCCATTATCAACAA,CGAGCCATCATCAACAA
928,unbound>unbound,CAAACTTGGTACCTGAA,CAAACTTGTTACCTGAA
929,unbound>unbound,ATGGCATCTTGAGGGAG,ATGGCATCCTGAGGGAG
930,unbound>unbound,GGGAGATGCAGACCATT,GGGAGATGGAGACCATT
931,unbound>unbound,GAGGCTGCGTTTCCTTC,GAGGCTGCCTTTCCTTC
932,unbound>unbound,GTCCTAGAAAGCCACCC,GTCCTAGAGAGCCACCC
933,unbound>unbound,TAAAATATGCTCGTCCA,TAAAATATACTCGTCCA
934,unbound>unbound,GCATACCTCTAACACCC,GCATACCTGTAACACCC
935,unbound>unbound,TCTTTGGAAACCCAGTC,TCTTTGGAGACCCAGTC
936,unbound>unbound,GTACTTAGAAAACATCT,GTACTTAGGAAACATCT
937,unbound>unbound,TCCTTGTTAATGAGGCC,TCCTTGTTGATGAGGCC
938,unbound>unbound,AGGCTGAACGATGATGA,AGGCTGAATGATGATGA
939,unbound>unbound,AGTACCATGCTATTAGC,AGTACCATCCTATTAGC
940,unbound>unbound,TAAGAGCTCAGGATTCA,TAAGAGCTGAGGATTCA
941,unbound>unbound,TCAGGGCTTAACTAAAA,TCAGGGCTCAACTAAAA
942,unbound>unbound,TTCTTTCTGAGGTTGGT,TTCTTTCTCAGGTTGGT
943,unbound>unbound,CCCCAGCCTTCAACGGC,CCCCAGCCATCAACGGC
944,unbound>unbound,CCGCAGATAAGGTGGGT,CCGCAGATGAGGTGGGT
945,unbound>unbound,TCCAGCTTTACCCTGAT,TCCAGCTTCACCCTGAT
946,unbound>unbound,TAGCCCCTCCCTTCACG,TAGCCCCTTCCTTCACG
947,unbound>unbound,TTAGACATAGGTGCCAG,TTAGACATGGGTGCCAG
948,unbound>unbound,ATAAAATACAATCTGGG,ATAAAATAGAATCTGGG
949,unbound>unbound,AGGAAGAAATTTCGGCT,AGGAAGAAGTTTCGGCT
950,unbound>unbound,CCTGCTGTTACTACAGA,CCTGCTGTCACTACAGA
951,unbound>unbound,TGGGGGATACTTTGGTA,TGGGGGATGCTTTGGTA
952,unbound>unbound,TGTATTTCCCATCCGAG,TGTATTTCACATCCGAG
953,unbound>unbound,ATTCATTTAAAGAAGAT,ATTCATTTGAAGAAGAT
954,unbound>unbound,TCCAATACGACCAGCAG,TCCAATACAACCAGCAG
955,unbound>unbound,GGGCCGGTAAGGCGATC,GGGCCGGTGAGGCGATC
956,unbound>unbound,TGATCCTTATGTTTAGT,TGATCCTTCTGTTTAGT
957,unbound>unbound,AGTAACTTTGCATTACT,AGTAACTTCGCATTACT
958,unbound>unbound,ATCTGTCTCACCACCTC,ATCTGTCTGACCACCTC
959,unbound>unbound,TGGGGTCTGCAGTCGCT,TGGGGTCTCCAGTCGCT
960,unbound>unbound,TTAAACAACGGCACACA,TTAAACAAGGGCACACA
961,bound>unbound,TGAAAACGTGCGGGTGA,TGAAAACGCGCGGGTGA
962,unbound>unbound,AGGAGATTACAGACCTG,AGGAGATTCCAGACCTG
963,unbound>unbound,ACTTCACGCTGCCCCAG,ACTTCACGTTGCCCCAG
964,unbound>unbound,GGATAACCTTATTGGCA,GGATAACCCTATTGGCA
965,unbound>unbound,AGGAGATCACCACAAAC,AGGAGATCGCCACAAAC
966,unbound>unbound,GACTGTTGATCTTAGCA,GACTGTTGTTCTTAGCA
967,unbound>unbound,GCAACAAGCACTTCTTT,GCAACAAGTACTTCTTT
968,unbound>unbound,CATGTTTTAAGATGTTT,CATGTTTTGAGATGTTT
969,unbound>unbound,CATTCCTAAAGCATTCA,CATTCCTAGAGCATTCA
970,unbound>unbound,GGTAGACGTGATACTTC,GGTAGACGCGATACTTC
971,unbound>unbound,CCTGTGGTAAAAGTTCT,CCTGTGGTGAAAGTTCT
972,unbound>unbound,TACTCAGTTAACTGGAG,TACTCAGTGAACTGGAG
973,unbound>unbound,TCACCACAATCGTCTGC,TCACCACAGTCGTCTGC
974,unbound>unbound,TTGGAAACATTGATGTG,TTGGAAACTTTGATGTG
975,unbound>unbound,AAGGAGAGGGTGATTCT,AAGGAGAGAGTGATTCT
976,unbound>unbound,GGGAACTAAGCGAGGGA,GGGAACTAGGCGAGGGA
977,unbound>unbound,CTGTTTGATGAGTACCT,CTGTTTGACGAGTACCT
978,unbound>unbound,GCTGTGGTAAAGGAGGC,GCTGTGGTGAAGGAGGC
979,unbound>unbound,ACCCGAGTAATACACGA,ACCCGAGTGATACACGA
980,unbound>unbound,AAGGAAAGTAGAGAAAG,AAGGAAAGGAGAGAAAG
981,unbound>unbound,TGTCAAACAAGGTACCA,TGTCAAACGAGGTACCA
982,unbound>unbound,TCTTGAGCTGGTGAGTG,TCTTGAGCGGGTGAGTG
983,unbound>unbound,CCTTGTCTGGAATTATA,CCTTGTCTCGAATTATA
984,unbound>unbound,CCAAGGAGTATTGTGGG,CCAAGGAGCATTGTGGG
985,unbound>unbound,CCATTTCTGTGTCTTTG,CCATTTCTATGTCTTTG
986,unbound>unbound,CTGTTCTTGAAACAAAT,CTGTTCTTCAAACAAAT
987,unbound>unbound,TGTGTATACAGAGATAA,TGTGTATAGAGAGATAA
988,unbound>unbound,CTTCACTTCATTCCTCA,CTTCACTTGATTCCTCA
989,unbound>unbound,ATCCATGTTTCAGGGAA,ATCCATGTCTCAGGGAA
990,unbound>unbound,GTTGATGATACGGTCGC,GTTGATGACACGGTCGC
991,unbound>unbound,AGAGTGCTTATGGCAGA,AGAGTGCTGATGGCAGA
992,unbound>unbound,GATGGCCATCGTGGACA,GATGGCCAGCGTGGACA
993,unbound>unbound,AATGAACATGTGATCCT,AATGAACACGTGATCCT
994,unbound>unbound,CTGAGACCAATGGGCGG,CTGAGACCGATGGGCGG
995,unbound>unbound,TACTGTCTGAGGCCGCA,TACTGTCTCAGGCCGCA
996,unbound>unbound,TATACCTTCTTAGTGGG,TATACCTTGTTAGTGGG
997,unbound>unbound,TCGTCATCAAAGGCCTG,TCGTCATCGAAGGCCTG
998,unbound>unbound,ATGTTCATGTGAGGTGC,ATGTTCATCTGAGGTGC
999,unbound>unbound,TTAAGCCCAAAGTGGGA,TTAAGCCCGAAGTGGGA
