row_key,12mer,diff,z-score,p-val,binding_status,pbmname
18,AGAATTGTAGAC,0.08718,3.21666,0.001296922,unbound>unbound,Homo_sapiens|NA|Shen2018|E2F4
21,CACGATATTGTC,0.00583,0.22256,0.823877971,unbound>unbound,Homo_sapiens|NA|Shen2018|E2F4
22,AAAAAAAAAATC,0.06813,2.64552,0.008156547,unbound>unbound,Homo_sapiens|NA|Shen2018|E2F4
23,GTTCTCCCATTG,0.0931,3.98168,6.84E-05,unbound>unbound,Homo_sapiens|NA|Shen2018|E2F4
24,CCATCCAGGGGT,-0.0371,-1.55139,0.12080825,unbound>unbound,Homo_sapiens|NA|Shen2018|E2F4
30,CCTACCACATTA,0.01457,0.55354,0.579893698,unbound>unbound,Homo_sapiens|NA|Shen2018|E2F4
31,TTCTTGGTATAT,-7.00E-05,-0.00269,0.997853693,unbound>unbound,Homo_sapiens|NA|Shen2018|E2F4
33,TTTTATATACAC,0.02732,0.97585,0.329138803,unbound>unbound,Homo_sapiens|NA|Shen2018|E2F4
37,GCCCAGAAAGGA,0.07213,3.28696,0.001012752,unbound>unbound,Homo_sapiens|NA|Shen2018|E2F4
38,CAATGGAATAGT,0.0584,2.14911,0.031625681,unbound>unbound,Homo_sapiens|NA|Shen2018|E2F4
47,CAGTCTTGGGAC,-0.06811,-3.29576,0.000981558,unbound>unbound,Homo_sapiens|NA|Shen2018|E2F4
53,CACTCGCCCTCA,-0.17992,-8.8098,1.25E-18,unbound>unbound,Homo_sapiens|NA|Shen2018|E2F4
57,CACCTTGGCCTC,-0.00035,-0.01664,0.986723814,unbound>unbound,Homo_sapiens|NA|Shen2018|E2F4
71,ATGGTGAAACCA,0.0082,0.30396,0.761158366,unbound>unbound,Homo_sapiens|NA|Shen2018|E2F4
73,CCAACCAACCCA,0.05208,1.97407,0.048373784,unbound>unbound,Homo_sapiens|NA|Shen2018|E2F4
85,GGTATGAAATTA,-0.01652,-0.59781,0.549966717,unbound>unbound,Homo_sapiens|NA|Shen2018|E2F4
94,GCATGGTGCGGA,0.0344,1.36523,0.172180772,unbound>unbound,Homo_sapiens|NA|Shen2018|E2F4
96,TCATGGTGGGTT,0.0481,1.93681,0.052768573,unbound>unbound,Homo_sapiens|NA|Shen2018|E2F4
97,CCCAGGGAGACT,0.03103,1.47195,0.14103438,unbound>unbound,Homo_sapiens|NA|Shen2018|E2F4
98,TATAGGCAATGT,-0.03789,-1.43686,0.150757778,unbound>unbound,Homo_sapiens|NA|Shen2018|E2F4
18,AGAATTGTAGAC,-0.03911,-1.36785,0.171359033,unbound>unbound,Xenopus_laevis|M01710_1.94d|Zoo_01|6722
21,CACGATATTGTC,-0.05992,-2.10165,0.035583946,unbound>unbound,Xenopus_laevis|M01710_1.94d|Zoo_01|6722
22,AAAAAAAAAATC,-0.00624,-0.13691,0.891101934,unbound>unbound,Xenopus_laevis|M01710_1.94d|Zoo_01|6722
23,GTTCTCCCATTG,-0.02996,-1.04366,0.296642722,unbound>unbound,Xenopus_laevis|M01710_1.94d|Zoo_01|6722
24,CCATCCAGGGGT,-0.01893,-0.65823,0.51039035,unbound>unbound,Xenopus_laevis|M01710_1.94d|Zoo_01|6722
30,CCTACCACATTA,-0.05375,-1.88982,0.058782038,unbound>unbound,Xenopus_laevis|M01710_1.94d|Zoo_01|6722
31,TTCTTGGTATAT,0.18965,6.67344,2.50E-11,unbound>unbound,Xenopus_laevis|M01710_1.94d|Zoo_01|6722
33,TTTTATATACAC,0.03341,1.15052,0.249929762,unbound>unbound,Xenopus_laevis|M01710_1.94d|Zoo_01|6722
37,GCCCAGAAAGGA,0.03089,1.07228,0.283594287,unbound>unbound,Xenopus_laevis|M01710_1.94d|Zoo_01|6722
38,CAATGGAATAGT,0.18403,6.47459,9.51E-11,unbound>unbound,Xenopus_laevis|M01710_1.94d|Zoo_01|6722
47,CAGTCTTGGGAC,-0.0232,-0.80908,0.418469132,unbound>unbound,Xenopus_laevis|M01710_1.94d|Zoo_01|6722
53,CACTCGCCCTCA,0.01476,0.51392,0.607307924,unbound>unbound,Xenopus_laevis|M01710_1.94d|Zoo_01|6722
57,CACCTTGGCCTC,0.03294,1.16126,0.245536181,unbound>unbound,Xenopus_laevis|M01710_1.94d|Zoo_01|6722
71,ATGGTGAAACCA,0.15563,5.47284,4.43E-08,unbound>unbound,Xenopus_laevis|M01710_1.94d|Zoo_01|6722
73,CCAACCAACCCA,-0.01157,-0.37354,0.70874658,unbound>unbound,Xenopus_laevis|M01710_1.94d|Zoo_01|6722
85,GGTATGAAATTA,0.19272,6.81621,9.35E-12,unbound>unbound,Xenopus_laevis|M01710_1.94d|Zoo_01|6722
94,GCATGGTGCGGA,0.09517,3.36369,0.000769079,unbound>unbound,Xenopus_laevis|M01710_1.94d|Zoo_01|6722
96,TCATGGTGGGTT,0.07827,2.75598,0.005851657,unbound>unbound,Xenopus_laevis|M01710_1.94d|Zoo_01|6722
97,CCCAGGGAGACT,0.02764,0.95303,0.340574871,unbound>unbound,Xenopus_laevis|M01710_1.94d|Zoo_01|6722
98,TATAGGCAATGT,0.07288,2.55845,0.010513994,unbound>unbound,Xenopus_laevis|M01710_1.94d|Zoo_01|6722